Provincia;Comune Nome;Stazione Nome;Data;Parametro Nome;Valore Alfanum;Sta Gb E;Sta Gb N
GR;MASSA MARITTIMA;ACCESA - INTERNO LAGO;20.12.2023;TEMPERATURA;12;1654767;4761402
GR;MASSA MARITTIMA;ACCESA - INTERNO LAGO;30.11.2023;TEMPERATURA;15;1654767;4761402
GR;MASSA MARITTIMA;ACCESA - INTERNO LAGO;04.10.2023;TEMPERATURA;22;1654767;4761402
GR;MASSA MARITTIMA;ACCESA - INTERNO LAGO;20.12.2023;CONDUCIBILITA;2110;1654767;4761402
GR;MASSA MARITTIMA;ACCESA - INTERNO LAGO;30.11.2023;CONDUCIBILITA;2100;1654767;4761402
GR;MASSA MARITTIMA;ACCESA - INTERNO LAGO;04.10.2023;CONDUCIBILITA;2110;1654767;4761402
GR;ORBETELLO;ALBEGNA - BARCA DEI GRAZI;01.02.2024;TEMPERATURA;11.4;1684079;4709770
GR;ORBETELLO;ALBEGNA - BARCA DEI GRAZI;01.02.2024;CONDUCIBILITA;1609;1684079;4709770
GR;MANCIANO;ALBEGNA - PONTE SS 322 PER MONTEMERANO;08.02.2024;TEMPERATURA;19.5;1701446;4723561
GR;MANCIANO;ALBEGNA - PONTE SS 322 PER MONTEMERANO;08.02.2024;CONDUCIBILITA;2000;1701446;4723561
SI;BUONCONVENTO;ARBIA - MONTE CONFLUENZA OMBRONE;24.01.2024;TEMPERATURA;7.8;1701301;4779972
SI;BUONCONVENTO;ARBIA - MONTE CONFLUENZA OMBRONE;24.01.2024;CONDUCIBILITA;682;1701301;4779972
SI;BUONCONVENTO;ARBIA - MONTE CONFLUENZA OMBRONE;24.01.2024;SOLIDI;10;1701301;4779972
SI;CASTELNUOVO BERARDENGA;ARBIA - MONTE PONTE DI PIANELLA;23.01.2024;TEMPERATURA;8.9;1695149;4807105
SI;CASTELNUOVO BERARDENGA;ARBIA - MONTE PONTE DI PIANELLA;23.01.2024;CONDUCIBILITA;523;1695149;4807105
SI;CASTELNUOVO BERARDENGA;ARBIA - MONTE PONTE DI PIANELLA;23.01.2024;SOLIDI;10;1695149;4807105
FI;CAPRAIA E LIMITE;ARNO  - CAMAIONI - CAPRAIA;04.03.2024;TEMPERATURA;12.6;1663650;4845728
FI;CAPRAIA E LIMITE;ARNO  - CAMAIONI - CAPRAIA;14.11.2023;TEMPERATURA;13.9;1663650;4845728
FI;CAPRAIA E LIMITE;ARNO  - CAMAIONI - CAPRAIA;19.09.2023;TEMPERATURA;25;1663650;4845728
FI;CAPRAIA E LIMITE;ARNO  - CAMAIONI - CAPRAIA;04.03.2024;CONDUCIBILITA;425;1663650;4845728
FI;CAPRAIA E LIMITE;ARNO  - CAMAIONI - CAPRAIA;14.11.2023;CONDUCIBILITA;488;1663650;4845728
FI;CAPRAIA E LIMITE;ARNO  - CAMAIONI - CAPRAIA;19.09.2023;CONDUCIBILITA;847;1663650;4845728
PI;CALCINAIA;ARNO - PONTE DI CALCINAIA;08.02.2024;TEMPERATURA;10.6;1627644;4837776
FI;FUCECCHIO;ARNO - PONTE DI FUCECCHIO;16.01.2024;TEMPERATURA;8.6;1646005;4842326
FI;FUCECCHIO;ARNO - PONTE DI FUCECCHIO;20.11.2023;TEMPERATURA;13.8;1646005;4842326
FI;FUCECCHIO;ARNO - PONTE DI FUCECCHIO;30.10.2023;TEMPERATURA;18.2;1646005;4842326
FI;FUCECCHIO;ARNO - PONTE DI FUCECCHIO;16.01.2024;CONDUCIBILITA;542;1646005;4842326
FI;FUCECCHIO;ARNO - PONTE DI FUCECCHIO;20.11.2023;CONDUCIBILITA;566;1646005;4842326
FI;FUCECCHIO;ARNO - PONTE DI FUCECCHIO;30.10.2023;CONDUCIBILITA;528;1646005;4842326
FI;FUCECCHIO;ARNO - PONTE DI FUCECCHIO;16.01.2024;SOLIDI;17;1646005;4842326
AR;AREZZO;ARNO CASTELLUCCIO BUON RIPOSO;05.02.2024;TEMPERATURA;7.3;1728871;4822493
AR;AREZZO;ARNO CASTELLUCCIO BUON RIPOSO;29.01.2024;TEMPERATURA;5.1;1728871;4822493
AR;AREZZO;ARNO CASTELLUCCIO BUON RIPOSO;02.10.2023;TEMPERATURA;17.9;1728871;4822493
AR;AREZZO;ARNO CASTELLUCCIO BUON RIPOSO;05.02.2024;CONDUCIBILITA;216;1728871;4822493
AR;AREZZO;ARNO CASTELLUCCIO BUON RIPOSO;29.01.2024;CONDUCIBILITA;206;1728871;4822493
AR;AREZZO;ARNO CASTELLUCCIO BUON RIPOSO;02.10.2023;CONDUCIBILITA;308;1728871;4822493
AR;AREZZO;ARNO CASTELLUCCIO BUON RIPOSO;29.01.2024;SOLIDI;10;1728871;4822493
FI;FIGLINE E INCISA VALDARNO;ARNO PRESA FIGLINE MATASSINO;23.10.2023;TEMPERATURA;17.5;1700105;4832998
FI;FIGLINE E INCISA VALDARNO;ARNO PRESA FIGLINE MATASSINO;23.10.2023;CONDUCIBILITA;714;1700105;4832998
FI;FIGLINE E INCISA VALDARNO;ARNO PRESA FIGLINE MATASSINO;23.10.2023;SOLIDI;11;1700105;4832998
SI;CETONA;ASTRONE - PONTE CAVALCAVIA A1 (SS321);27.11.2023;TEMPERATURA;7.6;1738614;4762188
SI;CETONA;ASTRONE - PONTE CAVALCAVIA A1 (SS321);25.10.2023;TEMPERATURA;17.1;1738614;4762188
SI;CETONA;ASTRONE - PONTE CAVALCAVIA A1 (SS321);04.10.2023;TEMPERATURA;18.4;1738614;4762188
SI;CETONA;ASTRONE - PONTE CAVALCAVIA A1 (SS321);20.09.2023;TEMPERATURA;18.1;1738614;4762188
SI;CETONA;ASTRONE - PONTE CAVALCAVIA A1 (SS321);27.11.2023;CONDUCIBILITA;1296;1738614;4762188
SI;CETONA;ASTRONE - PONTE CAVALCAVIA A1 (SS321);25.10.2023;CONDUCIBILITA;1206;1738614;4762188
SI;CETONA;ASTRONE - PONTE CAVALCAVIA A1 (SS321);04.10.2023;CONDUCIBILITA;1060;1738614;4762188
SI;CETONA;ASTRONE - PONTE CAVALCAVIA A1 (SS321);20.09.2023;CONDUCIBILITA;1060;1738614;4762188
SI;CETONA;ASTRONE - PONTE CAVALCAVIA A1 (SS321);27.11.2023;SOLIDI;10;1738614;4762188
SI;CETONA;ASTRONE - PONTE CAVALCAVIA A1 (SS321);25.10.2023;SOLIDI;10;1738614;4762188
SI;CETONA;ASTRONE - PONTE CAVALCAVIA A1 (SS321);20.09.2023;SOLIDI;10;1738614;4762188
MS;AULLA;AULELLA - LOC. AULLA PASSAGGIO A LIVELLO;23.11.2023;TEMPERATURA;11;1577557;4895263
MS;AULLA;AULELLA - LOC. AULLA PASSAGGIO A LIVELLO;27.09.2023;TEMPERATURA;18.5;1577557;4895263
MS;AULLA;AULELLA - LOC. AULLA PASSAGGIO A LIVELLO;27.09.2023;TEMPERATURA;18.5;1577557;4895263
MS;AULLA;AULELLA - LOC. AULLA PASSAGGIO A LIVELLO;23.11.2023;CONDUCIBILITA;300;1577557;4895263
PT;PISTOIA;BACINO DELLA GIUDEA;10.10.2023;TEMPERATURA;21.7;1651138;4869246
PT;PISTOIA;BACINO DELLA GIUDEA;10.10.2023;CONDUCIBILITA;332;1651138;4869246
PT;QUARRATA;BACINO DUE FORRE;30.01.2024;TEMPERATURA;7.8;1655449;4857390
PT;QUARRATA;BACINO DUE FORRE;30.01.2024;TEMPERATURA;7.8;1655449;4857390
PT;QUARRATA;BACINO DUE FORRE;29.11.2023;TEMPERATURA;10.3;1655449;4857390
PT;QUARRATA;BACINO DUE FORRE;30.01.2024;CONDUCIBILITA;382;1655449;4857390
PT;QUARRATA;BACINO DUE FORRE;30.01.2024;CONDUCIBILITA;382;1655449;4857390
PT;QUARRATA;BACINO DUE FORRE;29.11.2023;CONDUCIBILITA;292;1655449;4857390
PT;QUARRATA;BACINO DUE FORRE;30.01.2024;SOLIDI;15;1655449;4857390
SI;SAN CASCIANO DEI BAGNI;BACINO ELVELLA;14.11.2023;TEMPERATURA;14.4;1732966;4746969
SI;SAN CASCIANO DEI BAGNI;BACINO ELVELLA;14.11.2023;TEMPERATURA;14.4;1732966;4746969
SI;SAN CASCIANO DEI BAGNI;BACINO ELVELLA;26.09.2023;TEMPERATURA;21.1;1732966;4746969
SI;SAN CASCIANO DEI BAGNI;BACINO ELVELLA;26.09.2023;TEMPERATURA;21.1;1732966;4746969
SI;SAN CASCIANO DEI BAGNI;BACINO ELVELLA;14.11.2023;CONDUCIBILITA;1463;1732966;4746969
SI;SAN CASCIANO DEI BAGNI;BACINO ELVELLA;14.11.2023;CONDUCIBILITA;1463;1732966;4746969
SI;SAN CASCIANO DEI BAGNI;BACINO ELVELLA;26.09.2023;CONDUCIBILITA;1100;1732966;4746969
SI;SAN CASCIANO DEI BAGNI;BACINO ELVELLA;26.09.2023;CONDUCIBILITA;1100;1732966;4746969
SI;SAN CASCIANO DEI BAGNI;BACINO ELVELLA;07.02.2024;SOLIDI;10;1732966;4746969
PT;QUARRATA;BACINO FALCHERETO;30.01.2024;TEMPERATURA;8.4;1657270;4856700
PT;QUARRATA;BACINO FALCHERETO;30.01.2024;TEMPERATURA;8.4;1657270;4856700
PT;QUARRATA;BACINO FALCHERETO;29.11.2023;TEMPERATURA;11.7;1657270;4856700
PT;QUARRATA;BACINO FALCHERETO;30.01.2024;CONDUCIBILITA;334;1657270;4856700
PT;QUARRATA;BACINO FALCHERETO;30.01.2024;CONDUCIBILITA;334;1657270;4856700
PT;QUARRATA;BACINO FALCHERETO;29.11.2023;CONDUCIBILITA;259;1657270;4856700
PT;QUARRATA;BACINO FALCHERETO;30.01.2024;SOLIDI;14;1657270;4856700
FI;FIESOLE;BACINO LA CALVANELLA;22.01.2024;TEMPERATURA;6.1;1688875;4860080
FI;FIESOLE;BACINO LA CALVANELLA;19.12.2023;TEMPERATURA;8.8;1688875;4860080
FI;FIESOLE;BACINO LA CALVANELLA;19.12.2023;TEMPERATURA;7.7;1688875;4860080
FI;FIESOLE;BACINO LA CALVANELLA;19.12.2023;TEMPERATURA;8;1688875;4860080
FI;FIESOLE;BACINO LA CALVANELLA;19.12.2023;TEMPERATURA;7.9;1688875;4860080
FI;FIESOLE;BACINO LA CALVANELLA;29.11.2023;TEMPERATURA;9.9;1688875;4860080
FI;FIESOLE;BACINO LA CALVANELLA;29.11.2023;TEMPERATURA;9.9;1688875;4860080
FI;FIESOLE;BACINO LA CALVANELLA;22.01.2024;CONDUCIBILITA;357;1688875;4860080
FI;FIESOLE;BACINO LA CALVANELLA;19.12.2023;CONDUCIBILITA;375;1688875;4860080
FI;FIESOLE;BACINO LA CALVANELLA;19.12.2023;CONDUCIBILITA;325;1688875;4860080
FI;FIESOLE;BACINO LA CALVANELLA;19.12.2023;CONDUCIBILITA;346;1688875;4860080
FI;FIESOLE;BACINO LA CALVANELLA;19.12.2023;CONDUCIBILITA;327;1688875;4860080
FI;FIESOLE;BACINO LA CALVANELLA;29.11.2023;CONDUCIBILITA;326;1688875;4860080
FI;FIESOLE;BACINO LA CALVANELLA;29.11.2023;CONDUCIBILITA;326;1688875;4860080
FI;FIESOLE;BACINO LA CALVANELLA;29.11.2023;SOLIDI;10;1688875;4860080
FI;BARBERINO DI MUGELLO;BILANCINO - INTERNO INVASO;16.10.2023;TEMPERATURA;19.4;1681914;4871949
FI;BARBERINO DI MUGELLO;BILANCINO - INTERNO INVASO;16.10.2023;CONDUCIBILITA;423;1681914;4871949
PO;PRATO;BISENZIO - LOC. MEZZANA;29.01.2024;TEMPERATURA;8.1;1670795;4857805
PO;PRATO;BISENZIO - LOC. MEZZANA;18.09.2023;TEMPERATURA;6.3;1670795;4857805
PO;PRATO;BISENZIO - LOC. MEZZANA;29.01.2024;CONDUCIBILITA;286;1670795;4857805
PO;PRATO;BISENZIO - LOC. MEZZANA;18.09.2023;CONDUCIBILITA;305;1670795;4857805
GR;GAVORRANO;BRUNA - MONTE TORRENTE CARSIA LOC. CASTEANI;12.03.2024;TEMPERATURA;14;1661177;4759728
GR;GAVORRANO;BRUNA - MONTE TORRENTE CARSIA LOC. CASTEANI;29.01.2024;TEMPERATURA;8;1661177;4759728
GR;GAVORRANO;BRUNA - MONTE TORRENTE CARSIA LOC. CASTEANI;20.12.2023;TEMPERATURA;12;1661177;4759728
GR;GAVORRANO;BRUNA - MONTE TORRENTE CARSIA LOC. CASTEANI;30.11.2023;TEMPERATURA;13;1661177;4759728
GR;GAVORRANO;BRUNA - MONTE TORRENTE CARSIA LOC. CASTEANI;04.10.2023;TEMPERATURA;16.8;1661177;4759728
GR;GAVORRANO;BRUNA - MONTE TORRENTE CARSIA LOC. CASTEANI;12.03.2024;CONDUCIBILITA;1075;1661177;4759728
GR;GAVORRANO;BRUNA - MONTE TORRENTE CARSIA LOC. CASTEANI;29.01.2024;CONDUCIBILITA;2036;1661177;4759728
GR;GAVORRANO;BRUNA - MONTE TORRENTE CARSIA LOC. CASTEANI;20.12.2023;CONDUCIBILITA;2200;1661177;4759728
GR;GAVORRANO;BRUNA - MONTE TORRENTE CARSIA LOC. CASTEANI;30.11.2023;CONDUCIBILITA;2140;1661177;4759728
GR;GAVORRANO;BRUNA - MONTE TORRENTE CARSIA LOC. CASTEANI;04.10.2023;CONDUCIBILITA;1993;1661177;4759728
GR;GAVORRANO;BRUNA - SP. 31 COLLACCHIA LOC. LA BARTOLINA;12.03.2024;TEMPERATURA;14;1665337;4756991
GR;GAVORRANO;BRUNA - SP. 31 COLLACCHIA LOC. LA BARTOLINA;29.01.2024;TEMPERATURA;9;1665337;4756991
GR;GAVORRANO;BRUNA - SP. 31 COLLACCHIA LOC. LA BARTOLINA;20.12.2023;TEMPERATURA;9;1665337;4756991
GR;GAVORRANO;BRUNA - SP. 31 COLLACCHIA LOC. LA BARTOLINA;30.11.2023;TEMPERATURA;13.5;1665337;4756991
GR;GAVORRANO;BRUNA - SP. 31 COLLACCHIA LOC. LA BARTOLINA;04.10.2023;TEMPERATURA;17.4;1665337;4756991
GR;GAVORRANO;BRUNA - SP. 31 COLLACCHIA LOC. LA BARTOLINA;12.03.2024;CONDUCIBILITA;1005;1665337;4756991
GR;GAVORRANO;BRUNA - SP. 31 COLLACCHIA LOC. LA BARTOLINA;29.01.2024;CONDUCIBILITA;1901;1665337;4756991
GR;GAVORRANO;BRUNA - SP. 31 COLLACCHIA LOC. LA BARTOLINA;20.12.2023;CONDUCIBILITA;1924;1665337;4756991
GR;GAVORRANO;BRUNA - SP. 31 COLLACCHIA LOC. LA BARTOLINA;30.11.2023;CONDUCIBILITA;1854;1665337;4756991
GR;GAVORRANO;BRUNA - SP. 31 COLLACCHIA LOC. LA BARTOLINA;04.10.2023;CONDUCIBILITA;2190;1665337;4756991
PT;PISTOIA;BURE DI SANTOMORO;28.11.2023;TEMPERATURA;10.6;1656195;4868365
PT;PISTOIA;BURE DI SANTOMORO;03.10.2023;TEMPERATURA;17.4;1656195;4868365
PT;PISTOIA;BURE DI SANTOMORO;25.09.2023;TEMPERATURA;16.1;1656195;4868365
PT;PISTOIA;BURE DI SANTOMORO;28.11.2023;CONDUCIBILITA;231;1656195;4868365
PT;PISTOIA;BURE DI SANTOMORO;03.10.2023;CONDUCIBILITA;306;1656195;4868365
PT;PISTOIA;BURE DI SANTOMORO;25.09.2023;CONDUCIBILITA;320;1656195;4868365
PT;PISTOIA;BURE DI SANTOMORO;28.11.2023;SOLIDI;10;1656195;4868365
PT;PISTOIA;BURE DI SANTOMORO;03.10.2023;SOLIDI;10;1656195;4868365
GR;SCARLINO;CANALE ALLACCIANTE;19.02.2024;TEMPERATURA;18;1650000.75;4755673.58
GR;SCARLINO;CANALE ALLACCIANTE;19.02.2024;CONDUCIBILITA;1527;1650000.75;4755673.58
LU;VIAREGGIO;CANALE BURLAMACCA TORRE MATILDE;23.01.2024;TEMPERATURA;10.9;1600996;4857868
LU;VIAREGGIO;CANALE BURLAMACCA TORRE MATILDE;29.11.2023;TEMPERATURA;12.4;1600996;4857868
LU;VIAREGGIO;CANALE BURLAMACCA TORRE MATILDE;27.09.2023;TEMPERATURA;24.7;1600996;4857868
LU;VIAREGGIO;CANALE BURLAMACCA TORRE MATILDE;23.01.2024;CONDUCIBILITA;8500;1600996;4857868
LU;VIAREGGIO;CANALE BURLAMACCA TORRE MATILDE;29.11.2023;CONDUCIBILITA;1522;1600996;4857868
LU;VIAREGGIO;CANALE BURLAMACCA TORRE MATILDE;27.09.2023;CONDUCIBILITA;31300;1600996;4857868
PI;BIENTINA;CANALE ROGIO - BARACCA DI NANNI;25.01.2024;TEMPERATURA;12.8;1629836;4850269
PI;BIENTINA;CANALE ROGIO - BARACCA DI NANNI;25.01.2024;CONDUCIBILITA;901;1629836;4850269
FI;FUCECCHIO;CAPANNONE PONTE DI SALANOVA;22.01.2024;TEMPERATURA;5.7;1643834;4850925
FI;FUCECCHIO;CAPANNONE PONTE DI SALANOVA;11.10.2023;TEMPERATURA;21.9;1643834;4850925
FI;FUCECCHIO;CAPANNONE PONTE DI SALANOVA;22.01.2024;CONDUCIBILITA;226;1643834;4850925
FI;FUCECCHIO;CAPANNONE PONTE DI SALANOVA;11.10.2023;CONDUCIBILITA;1063;1643834;4850925
FI;FUCECCHIO;CAPANNONE PONTE DI SALANOVA;22.01.2024;SOLIDI;10;1643834;4850925
FI;FUCECCHIO;CAPANNONE PONTE DI SALANOVA;11.10.2023;SOLIDI;34;1643834;4850925
PI;POMARANCE;CECINA - PONTE PONTEGINORI;29.01.2024;TEMPERATURA;10;1641088;4799350
PI;POMARANCE;CECINA - PONTE PONTEGINORI;21.11.2023;TEMPERATURA;13.2;1641088;4799350
PI;POMARANCE;CECINA - PONTE PONTEGINORI;29.01.2024;CONDUCIBILITA;1363;1641088;4799350
PI;POMARANCE;CECINA - PONTE PONTEGINORI;21.11.2023;CONDUCIBILITA;1445;1641088;4799350
LI;CECINA;CECINA - PONTE SS1 AURELIA;23.11.2023;TEMPERATURA;12.2;1622837;4796939
LI;CECINA;CECINA - PONTE SS1 AURELIA;26.10.2023;TEMPERATURA;19;1622837;4796939
LI;CECINA;CECINA - PONTE SS1 AURELIA;28.09.2023;TEMPERATURA;22;1622837;4796939
LI;CECINA;CECINA - PONTE SS1 AURELIA;23.11.2023;CONDUCIBILITA;1101;1622837;4796939
LI;CECINA;CECINA - PONTE SS1 AURELIA;26.10.2023;CONDUCIBILITA;1125;1622837;4796939
LI;CECINA;CECINA - PONTE SS1 AURELIA;28.09.2023;CONDUCIBILITA;1381;1622837;4796939
SI;POGGIBONSI;CENTRALE CEPPARELLO;17.10.2023;TEMPERATURA;17.7;1677443;4817400
SI;POGGIBONSI;CENTRALE CEPPARELLO;17.10.2023;CONDUCIBILITA;1137;1677443;4817400
AR;AREZZO;CHIANA - BRIGLIA EX CERACE;28.11.2023;TEMPERATURA;6.3;1727396;4819229
AR;AREZZO;CHIANA - BRIGLIA EX CERACE;28.11.2023;CONDUCIBILITA;586;1727396;4819229
AR;AREZZO;CHIANA - BRIGLIA EX CERACE;28.11.2023;SOLIDI;28;1727396;4819229
AR;MARCIANO DELLA CHIANA;CHIANA - PONTE DI CESA;28.11.2023;TEMPERATURA;6.4;1729967;4800306
AR;MARCIANO DELLA CHIANA;CHIANA - PONTE DI CESA;12.10.2023;TEMPERATURA;19.1;1729967;4800306
AR;MARCIANO DELLA CHIANA;CHIANA - PONTE DI CESA;28.11.2023;CONDUCIBILITA;556;1729967;4800306
AR;MARCIANO DELLA CHIANA;CHIANA - PONTE DI CESA;12.10.2023;CONDUCIBILITA;1046;1729967;4800306
AR;MARCIANO DELLA CHIANA;CHIANA - PONTE DI CESA;28.11.2023;SOLIDI;48;1729967;4800306
SI;CHIUSI;CHIUSI - INTERNO INVASO;23.01.2024;TEMPERATURA;7.8;1741409;4771057
SI;CHIUSI;CHIUSI - INTERNO INVASO;23.01.2024;TEMPERATURA;8.4;1741409;4771057
SI;CHIUSI;CHIUSI - INTERNO INVASO;12.12.2023;TEMPERATURA;9.8;1741409;4771057
SI;CHIUSI;CHIUSI - INTERNO INVASO;28.11.2023;TEMPERATURA;11.3;1741409;4771057
SI;CHIUSI;CHIUSI - INTERNO INVASO;28.11.2023;TEMPERATURA;11;1741409;4771057
SI;CHIUSI;CHIUSI - INTERNO INVASO;28.11.2023;TEMPERATURA;11;1741409;4771057
SI;CHIUSI;CHIUSI - INTERNO INVASO;28.11.2023;TEMPERATURA;11.3;1741409;4771057
SI;CHIUSI;CHIUSI - INTERNO INVASO;28.11.2023;TEMPERATURA;11.7;1741409;4771057
SI;CHIUSI;CHIUSI - INTERNO INVASO;25.10.2023;TEMPERATURA;19.9;1741409;4771057
SI;CHIUSI;CHIUSI - INTERNO INVASO;20.09.2023;TEMPERATURA;22.9;1741409;4771057
SI;CHIUSI;CHIUSI - INTERNO INVASO;23.01.2024;CONDUCIBILITA;491;1741409;4771057
SI;CHIUSI;CHIUSI - INTERNO INVASO;23.01.2024;CONDUCIBILITA;1029;1741409;4771057
SI;CHIUSI;CHIUSI - INTERNO INVASO;12.12.2023;CONDUCIBILITA;476;1741409;4771057
SI;CHIUSI;CHIUSI - INTERNO INVASO;28.11.2023;CONDUCIBILITA;470;1741409;4771057
SI;CHIUSI;CHIUSI - INTERNO INVASO;28.11.2023;CONDUCIBILITA;469;1741409;4771057
SI;CHIUSI;CHIUSI - INTERNO INVASO;28.11.2023;CONDUCIBILITA;468;1741409;4771057
SI;CHIUSI;CHIUSI - INTERNO INVASO;28.11.2023;CONDUCIBILITA;470;1741409;4771057
SI;CHIUSI;CHIUSI - INTERNO INVASO;28.11.2023;CONDUCIBILITA;469;1741409;4771057
SI;CHIUSI;CHIUSI - INTERNO INVASO;25.10.2023;CONDUCIBILITA;439;1741409;4771057
SI;CHIUSI;CHIUSI - INTERNO INVASO;20.09.2023;CONDUCIBILITA;365;1741409;4771057
GR;MONTEROTONDO MARITTIMO;CORNIA - SERRAIOLA;27.11.2023;TEMPERATURA;12.4;1641195;4775654
GR;MONTEROTONDO MARITTIMO;CORNIA - SERRAIOLA;21.11.2023;TEMPERATURA;16;1641195;4775654
GR;MONTEROTONDO MARITTIMO;CORNIA - SERRAIOLA;27.11.2023;CONDUCIBILITA;696;1641195;4775654
GR;MONTEROTONDO MARITTIMO;CORNIA - SERRAIOLA;21.11.2023;CONDUCIBILITA;692;1641195;4775654
PT;QUARRATA;DOGAIA DEI QUADRELLI PONTE AL FOSSO;31.01.2024;TEMPERATURA;6.6;1662627;4856704
PT;QUARRATA;DOGAIA DEI QUADRELLI PONTE AL FOSSO;29.11.2023;TEMPERATURA;8.5;1662627;4856704
PT;QUARRATA;DOGAIA DEI QUADRELLI PONTE AL FOSSO;03.10.2023;TEMPERATURA;19.7;1662627;4856704
PT;QUARRATA;DOGAIA DEI QUADRELLI PONTE AL FOSSO;31.01.2024;CONDUCIBILITA;634;1662627;4856704
PT;QUARRATA;DOGAIA DEI QUADRELLI PONTE AL FOSSO;29.11.2023;CONDUCIBILITA;521;1662627;4856704
PT;QUARRATA;DOGAIA DEI QUADRELLI PONTE AL FOSSO;03.10.2023;CONDUCIBILITA;794;1662627;4856704
PT;QUARRATA;DOGAIA DEI QUADRELLI PONTE AL FOSSO;31.01.2024;SOLIDI;10;1662627;4856704
PT;QUARRATA;DOGAIA DEI QUADRELLI PONTE AL FOSSO;29.11.2023;SOLIDI;15;1662627;4856704
PT;QUARRATA;DOGAIA DEI QUADRELLI PONTE AL FOSSO;03.10.2023;SOLIDI;28;1662627;4856704
PI;SAN MINIATO;ELSA VALLE INFERIORE;20.11.2023;TEMPERATURA;14.7;1651343;4841847
PI;SAN MINIATO;ELSA VALLE INFERIORE;09.10.2023;TEMPERATURA;21.7;1651343;4841847
PI;SAN MINIATO;ELSA VALLE INFERIORE;20.11.2023;CONDUCIBILITA;1453;1651343;4841847
PI;SAN MINIATO;ELSA VALLE INFERIORE;09.10.2023;CONDUCIBILITA;1701;1651343;4841847
PI;SAN MINIATO;ELSA VALLE INFERIORE;05.02.2024;SOLIDI;27;1651343;4841847
SI;POGGIBONSI;ELSA valle superiore;30.01.2024;TEMPERATURA;11;1672201;4815451
SI;POGGIBONSI;ELSA valle superiore;30.01.2024;CONDUCIBILITA;1344;1672201;4815451
SI;POGGIBONSI;ELSA valle superiore;30.01.2024;SOLIDI;10;1672201;4815451
PI;CALCINAIA;EMISSARIO BIENTINA - FORNACETTE;16.01.2024;TEMPERATURA;10.6;1627498;4836523
PI;CALCINAIA;EMISSARIO BIENTINA - FORNACETTE;28.11.2023;TEMPERATURA;11;1627498;4836523
PI;CALCINAIA;EMISSARIO BIENTINA - FORNACETTE;26.10.2023;TEMPERATURA;17;1627498;4836523
PI;CALCINAIA;EMISSARIO BIENTINA - FORNACETTE;16.01.2024;CONDUCIBILITA;599;1627498;4836523
PI;CALCINAIA;EMISSARIO BIENTINA - FORNACETTE;28.11.2023;CONDUCIBILITA;576;1627498;4836523
PI;CALCINAIA;EMISSARIO BIENTINA - FORNACETTE;26.10.2023;CONDUCIBILITA;304;1627498;4836523
LI;ROSIGNANO MARITTIMO;FINE - GUADO POLVERONI;23.11.2023;TEMPERATURA;13.4;1618689;4803396
LI;ROSIGNANO MARITTIMO;FINE - GUADO POLVERONI;26.10.2023;TEMPERATURA;17.7;1618689;4803396
LI;ROSIGNANO MARITTIMO;FINE - GUADO POLVERONI;28.09.2023;TEMPERATURA;20.2;1618689;4803396
LI;ROSIGNANO MARITTIMO;FINE - GUADO POLVERONI;23.11.2023;CONDUCIBILITA;983;1618689;4803396
LI;ROSIGNANO MARITTIMO;FINE - GUADO POLVERONI;26.10.2023;CONDUCIBILITA;984;1618689;4803396
LI;ROSIGNANO MARITTIMO;FINE - GUADO POLVERONI;28.09.2023;CONDUCIBILITA;1234;1618689;4803396
AR;CASTELFRANCO PIANDISCO';FINESTRELLE;21.02.2024;TEMPERATURA;7.6;1707714;4833950
AR;CASTELFRANCO PIANDISCO';FINESTRELLE;22.01.2024;TEMPERATURA;5.1;1707714;4833950
AR;CASTELFRANCO PIANDISCO';FINESTRELLE;04.12.2023;TEMPERATURA;6.1;1707714;4833950
AR;CASTELFRANCO PIANDISCO';FINESTRELLE;30.10.2023;TEMPERATURA;15.3;1707714;4833950
AR;CASTELFRANCO PIANDISCO';FINESTRELLE;21.02.2024;CONDUCIBILITA;190;1707714;4833950
AR;CASTELFRANCO PIANDISCO';FINESTRELLE;22.01.2024;CONDUCIBILITA;176;1707714;4833950
AR;CASTELFRANCO PIANDISCO';FINESTRELLE;04.12.2023;CONDUCIBILITA;189;1707714;4833950
AR;CASTELFRANCO PIANDISCO';FINESTRELLE;30.10.2023;CONDUCIBILITA;328;1707714;4833950
GR;MANCIANO;FIORA - LOC. EX FRANCESCHELLI - SP. 32 MANCIANO;29.11.2023;TEMPERATURA;10;1711912;4713930
GR;MANCIANO;FIORA - LOC. EX FRANCESCHELLI - SP. 32 MANCIANO;29.11.2023;CONDUCIBILITA;490;1711912;4713930
FI;FIRENZE;FIUME ARNO - ANCONELLA;05.02.2024;TEMPERATURA;10.8;1685474;4848206
FI;FIRENZE;FIUME ARNO - ANCONELLA;05.02.2024;TEMPERATURA;10.8;1685474;4848206
FI;FIRENZE;FIUME ARNO - ANCONELLA;21.11.2023;TEMPERATURA;13.3;1685474;4848206
FI;FIRENZE;FIUME ARNO - ANCONELLA;21.09.2023;TEMPERATURA;23.5;1685474;4848206
FI;FIRENZE;FIUME ARNO - ANCONELLA;21.09.2023;TEMPERATURA;23.5;1685474;4848206
FI;FIRENZE;FIUME ARNO - ANCONELLA;05.02.2024;CONDUCIBILITA;516;1685474;4848206
FI;FIRENZE;FIUME ARNO - ANCONELLA;05.02.2024;CONDUCIBILITA;516;1685474;4848206
FI;FIRENZE;FIUME ARNO - ANCONELLA;21.11.2023;CONDUCIBILITA;492;1685474;4848206
FI;FIRENZE;FIUME ARNO - ANCONELLA;21.09.2023;CONDUCIBILITA;525;1685474;4848206
FI;FIRENZE;FIUME ARNO - ANCONELLA;21.09.2023;CONDUCIBILITA;525;1685474;4848206
SI;SIENA;FIUME BOZZONE;06.12.2023;TEMPERATURA;8.4;1693556;4795839
SI;SIENA;FIUME BOZZONE;21.11.2023;TEMPERATURA;12.3;1693556;4795839
SI;SIENA;FIUME BOZZONE;17.10.2023;TEMPERATURA;16.8;1693556;4795839
SI;SIENA;FIUME BOZZONE;11.10.2023;TEMPERATURA;17.2;1693556;4795839
SI;SIENA;FIUME BOZZONE;06.12.2023;CONDUCIBILITA;847;1693556;4795839
SI;SIENA;FIUME BOZZONE;21.11.2023;CONDUCIBILITA;1070;1693556;4795839
SI;SIENA;FIUME BOZZONE;17.10.2023;CONDUCIBILITA;1233;1693556;4795839
SI;SIENA;FIUME BOZZONE;11.10.2023;CONDUCIBILITA;967;1693556;4795839
SI;SIENA;FIUME BOZZONE;21.11.2023;SOLIDI;10;1693556;4795839
SI;SIENA;FIUME BOZZONE;17.10.2023;SOLIDI;10;1693556;4795839
LU;CAMAIORE;FIUME CAMAIORE TORRENTE LUCESE MONTE;29.11.2023;TEMPERATURA;11;1607110;4863890
LU;CAMAIORE;FIUME CAMAIORE TORRENTE LUCESE MONTE;29.11.2023;TEMPERATURA;11;1607110;4863890
LU;CAMAIORE;FIUME CAMAIORE TORRENTE LUCESE MONTE;27.09.2023;TEMPERATURA;22;1607110;4863890
LU;CAMAIORE;FIUME CAMAIORE TORRENTE LUCESE MONTE;29.11.2023;CONDUCIBILITA;511;1607110;4863890
LU;CAMAIORE;FIUME CAMAIORE TORRENTE LUCESE MONTE;29.11.2023;CONDUCIBILITA;511;1607110;4863890
LU;CAMAIORE;FIUME CAMAIORE TORRENTE LUCESE MONTE;27.09.2023;CONDUCIBILITA;466;1607110;4863890
GR;MANCIANO;FIUME ELSA;04.12.2023;TEMPERATURA;8.8;1698936.55;4712130.99
GR;MANCIANO;FIUME ELSA;16.11.2023;TEMPERATURA;12.8;1698936.55;4712130.99
GR;MANCIANO;FIUME ELSA;05.10.2023;TEMPERATURA;20.2;1698936.55;4712130.99
GR;MANCIANO;FIUME ELSA;04.12.2023;CONDUCIBILITA;1405;1698936.55;4712130.99
GR;MANCIANO;FIUME ELSA;16.11.2023;CONDUCIBILITA;1511;1698936.55;4712130.99
GR;MANCIANO;FIUME ELSA;05.10.2023;CONDUCIBILITA;1705;1698936.55;4712130.99
SI;SIENA;FIUME ELSA;06.12.2023;TEMPERATURA;7.9;1671715;4803259
SI;SIENA;FIUME ELSA;21.11.2023;TEMPERATURA;12.2;1671715;4803259
SI;SIENA;FIUME ELSA;10.10.2023;TEMPERATURA;17.9;1671715;4803259
SI;SIENA;FIUME ELSA;10.10.2023;TEMPERATURA;18;1671715;4803259
SI;SIENA;FIUME ELSA;21.11.2023;CONDUCIBILITA;729;1671715;4803259
SI;SIENA;FIUME ELSA;10.10.2023;CONDUCIBILITA;541;1671715;4803259
SI;SIENA;FIUME ELSA;10.10.2023;CONDUCIBILITA;799;1671715;4803259
SI;SIENA;FIUME ELSA;21.11.2023;SOLIDI;10;1671715;4803259
SI;SIENA;FIUME ELSA;10.10.2023;SOLIDI;10;1671715;4803259
SI;SIENA;FIUME ELSA;10.10.2023;SOLIDI;36;1671715;4803259
PI;PECCIOLI;FIUME ERA MEDIO;31.01.2024;TEMPERATURA;6.3;1641870;4816017
PI;PECCIOLI;FIUME ERA MEDIO;29.11.2023;TEMPERATURA;8.5;1641870;4816017
PI;PECCIOLI;FIUME ERA MEDIO;31.01.2024;CONDUCIBILITA;1175;1641870;4816017
PI;PECCIOLI;FIUME ERA MEDIO;29.11.2023;CONDUCIBILITA;1094;1641870;4816017
FI;MARRADI;FIUME LAMONE;04.12.2023;TEMPERATURA;8;1712742;4886978
FI;MARRADI;FIUME LAMONE;18.10.2023;TEMPERATURA;16.2;1712742;4886978
FI;MARRADI;FIUME LAMONE;04.12.2023;CONDUCIBILITA;445;1712742;4886978
FI;MARRADI;FIUME LAMONE;18.10.2023;CONDUCIBILITA;504;1712742;4886978
FI;MARRADI;FIUME LAMONE;04.12.2023;SOLIDI;10;1712742;4886978
FI;MARRADI;FIUME LAMONE;18.10.2023;SOLIDI;10;1712742;4886978
MS;PONTREMOLI;FIUME MAGRA MONTE;13.02.2024;TEMPERATURA;9.5;1570832;4912602
MS;PONTREMOLI;FIUME MAGRA MONTE;23.11.2023;TEMPERATURA;9.5;1570832;4912602
MS;PONTREMOLI;FIUME MAGRA MONTE;23.11.2023;TEMPERATURA;9.5;1570832;4912602
MS;PONTREMOLI;FIUME MAGRA MONTE;13.02.2024;CONDUCIBILITA;276;1570832;4912602
MS;PONTREMOLI;FIUME MAGRA MONTE;23.11.2023;CONDUCIBILITA;210;1570832;4912602
MS;PONTREMOLI;FIUME MAGRA MONTE;23.11.2023;CONDUCIBILITA;292;1570832;4912602
SI;PIANCASTAGNAIO;FIUME PAGLIA VALLE CONFLUENZA RIGO;07.02.2024;SOLIDI;10;1729751;4741715
FI;MONTELUPO FIORENTINO;FIUME PESA A VALLE;04.03.2024;TEMPERATURA;13.1;1664032;4842647
FI;MONTELUPO FIORENTINO;FIUME PESA A VALLE;04.03.2024;CONDUCIBILITA;564;1664032;4842647
GR;SCANSANO;FIUME SANGUINAIO;18.12.2023;TEMPERATURA;10.7;1696197;4722501
GR;SCANSANO;FIUME SANGUINAIO;18.12.2023;CONDUCIBILITA;660;1696197;4722501
LU;SILLANO GIUNCUGNANO;FIUME SERCHIO DI SILLANO;28.11.2023;TEMPERATURA;7;1603745;4896405
LU;SILLANO GIUNCUGNANO;FIUME SERCHIO DI SILLANO;12.10.2023;TEMPERATURA;13.6;1603745;4896405
LU;SILLANO GIUNCUGNANO;FIUME SERCHIO DI SILLANO;03.10.2023;TEMPERATURA;13;1603745;4896405
LU;SILLANO GIUNCUGNANO;FIUME SERCHIO DI SILLANO;28.11.2023;CONDUCIBILITA;165;1603745;4896405
LU;SILLANO GIUNCUGNANO;FIUME SERCHIO DI SILLANO;12.10.2023;CONDUCIBILITA;283;1603745;4896405
LU;SILLANO GIUNCUGNANO;FIUME SERCHIO DI SILLANO;03.10.2023;CONDUCIBILITA;205;1603745;4896405
SI;SIENA;FIUME TRESSA;29.11.2023;TEMPERATURA;9.3;1692970;4792143
SI;SIENA;FIUME TRESSA;27.10.2023;TEMPERATURA;17.4;1692970;4792143
SI;SIENA;FIUME TRESSA;24.10.2023;TEMPERATURA;17.4;1692970;4792143
SI;SIENA;FIUME TRESSA;27.10.2023;CONDUCIBILITA;827;1692970;4792143
SI;SIENA;FIUME TRESSA;24.10.2023;CONDUCIBILITA;827;1692970;4792143
SI;SIENA;FIUME TRESSA;29.11.2023;SOLIDI;10;1692970;4792143
SI;SIENA;FIUME TRESSA;24.10.2023;SOLIDI;10;1692970;4792143
SI;RAPOLANO TERME;FOENNA - USCITA INVASO CALCIONE LOC. MODANELLA;12.12.2023;TEMPERATURA;10.8;1717169;4796486
SI;RAPOLANO TERME;FOENNA - USCITA INVASO CALCIONE LOC. MODANELLA;29.11.2023;TEMPERATURA;6.7;1717169;4796486
SI;RAPOLANO TERME;FOENNA - USCITA INVASO CALCIONE LOC. MODANELLA;12.12.2023;CONDUCIBILITA;506;1717169;4796486
SI;RAPOLANO TERME;FOENNA - USCITA INVASO CALCIONE LOC. MODANELLA;29.11.2023;CONDUCIBILITA;432;1717169;4796486
SI;RAPOLANO TERME;FOENNA - USCITA INVASO CALCIONE LOC. MODANELLA;12.12.2023;SOLIDI;10;1717169;4796486
SI;RAPOLANO TERME;FOENNA - USCITA INVASO CALCIONE LOC. MODANELLA;29.11.2023;SOLIDI;10;1717169;4796486
PI;PISA;FOSSA CHIARA PONTE DI BISCOTTINO;08.02.2024;TEMPERATURA;12.7;1613450;4830540
PI;PISA;FOSSA CHIARA PONTE DI BISCOTTINO;28.11.2023;TEMPERATURA;9.7;1613450;4830540
PI;PISA;FOSSA CHIARA PONTE DI BISCOTTINO;26.10.2023;TEMPERATURA;18.2;1613450;4830540
PI;PISA;FOSSA CHIARA PONTE DI BISCOTTINO;26.10.2023;TEMPERATURA;18.2;1613450;4830540
PI;PISA;FOSSA CHIARA PONTE DI BISCOTTINO;28.11.2023;CONDUCIBILITA;1118;1613450;4830540
PI;PISA;FOSSA CHIARA PONTE DI BISCOTTINO;26.10.2023;CONDUCIBILITA;553;1613450;4830540
PI;PISA;FOSSA CHIARA PONTE DI BISCOTTINO;26.10.2023;CONDUCIBILITA;553;1613450;4830540
LI;CASTAGNETO CARDUCCI;FOSSO BOLGHERI;23.11.2023;TEMPERATURA;12.7;1625211;4783505
LI;CASTAGNETO CARDUCCI;FOSSO BOLGHERI;26.10.2023;TEMPERATURA;18.4;1625211;4783505
LI;CASTAGNETO CARDUCCI;FOSSO BOLGHERI;28.09.2023;TEMPERATURA;23.3;1625211;4783505
LI;CASTAGNETO CARDUCCI;FOSSO BOLGHERI;23.11.2023;CONDUCIBILITA;3990;1625211;4783505
LI;CASTAGNETO CARDUCCI;FOSSO BOLGHERI;26.10.2023;CONDUCIBILITA;2233;1625211;4783505
LI;CASTAGNETO CARDUCCI;FOSSO BOLGHERI;28.09.2023;CONDUCIBILITA;948;1625211;4783505
GR;SANTA FIORA;FOSSO DEL CADONE;10.10.2023;TEMPERATURA;17;1711959;4744533
GR;SANTA FIORA;FOSSO DEL CADONE;10.10.2023;CONDUCIBILITA;443;1711959;4744533
GR;CAPALBIO;FOSSO DEL CHIARONE;29.11.2023;TEMPERATURA;10.5;1701911;4696721
GR;CAPALBIO;FOSSO DEL CHIARONE;18.10.2023;TEMPERATURA;18;1701911;4696721
GR;CAPALBIO;FOSSO DEL CHIARONE;29.11.2023;CONDUCIBILITA;3640;1701911;4696721
GR;CAPALBIO;FOSSO DEL CHIARONE;18.10.2023;CONDUCIBILITA;1756;1701911;4696721
GR;PITIGLIANO;FOSSO DEL PROCCHIO;05.02.2024;TEMPERATURA;8.6;1719182;4724316
GR;PITIGLIANO;FOSSO DEL PROCCHIO;05.02.2024;CONDUCIBILITA;1151;1719182;4724316
GR;MANCIANO;FOSSO GATTAIA;18.12.2023;TEMPERATURA;8.8;1706231;4724871
GR;MANCIANO;FOSSO GATTAIA;18.09.2023;TEMPERATURA;21.7;1706231;4724871
GR;MANCIANO;FOSSO GATTAIA;18.12.2023;CONDUCIBILITA;1609;1706231;4724871
GR;MANCIANO;FOSSO GATTAIA;18.09.2023;CONDUCIBILITA;2070;1706231;4724871
FI;CAMPI BISENZIO;FOSSO REALE (2)-TORRENTE RIMAGGIO;14.11.2023;TEMPERATURA;15.5;1672086;4851918
FI;CAMPI BISENZIO;FOSSO REALE (2)-TORRENTE RIMAGGIO;19.09.2023;TEMPERATURA;23;1672086;4851918
FI;CAMPI BISENZIO;FOSSO REALE (2)-TORRENTE RIMAGGIO;14.11.2023;CONDUCIBILITA;645;1672086;4851918
FI;CAMPI BISENZIO;FOSSO REALE (2)-TORRENTE RIMAGGIO;19.09.2023;CONDUCIBILITA;584;1672086;4851918
MS;MASSA;FRIGIDO - VALLE CONFLUENZA RENARA;05.12.2023;TEMPERATURA;11;1594426;4880687
MS;MASSA;FRIGIDO - VALLE CONFLUENZA RENARA;21.11.2023;TEMPERATURA;11;1594426;4880687
MS;MASSA;FRIGIDO - VALLE CONFLUENZA RENARA;28.09.2023;TEMPERATURA;12;1594426;4880687
MS;MASSA;FRIGIDO - VALLE CONFLUENZA RENARA;05.12.2023;CONDUCIBILITA;231;1594426;4880687
MS;MASSA;FRIGIDO - VALLE CONFLUENZA RENARA;21.11.2023;CONDUCIBILITA;153;1594426;4880687
MS;MASSA;FRIGIDO - VALLE CONFLUENZA RENARA;28.09.2023;CONDUCIBILITA;260;1594426;4880687
MS;PONTREMOLI;GORDANA - PONTE A MONTE CONFLUENZA MAGRA;13.02.2024;TEMPERATURA;10;1570420;4912795
MS;PONTREMOLI;GORDANA - PONTE A MONTE CONFLUENZA MAGRA;13.02.2024;CONDUCIBILITA;288;1570420;4912795
PI;MONTECATINI VAL DI CECINA;GRANDE MONTECATINI - MONTE CONFLUENZA CECINA;29.01.2024;TEMPERATURA;12.2;1644299;4802069
PI;MONTECATINI VAL DI CECINA;GRANDE MONTECATINI - MONTE CONFLUENZA CECINA;06.12.2023;TEMPERATURA;11.5;1644299;4802069
PI;MONTECATINI VAL DI CECINA;GRANDE MONTECATINI - MONTE CONFLUENZA CECINA;29.11.2023;TEMPERATURA;11.1;1644299;4802069
PI;MONTECATINI VAL DI CECINA;GRANDE MONTECATINI - MONTE CONFLUENZA CECINA;29.01.2024;CONDUCIBILITA;2910;1644299;4802069
PI;MONTECATINI VAL DI CECINA;GRANDE MONTECATINI - MONTE CONFLUENZA CECINA;29.11.2023;CONDUCIBILITA;3950;1644299;4802069
PI;MONTECATINI VAL DI CECINA;GRANDE MONTECATINI - MONTE CONFLUENZA CECINA;11.10.2023;CONDUCIBILITA;2730;1644299;4802069
AR;ANGHIARI;INVASO DI MONTEDOGLIO;26.02.2024;TEMPERATURA;7.6;1746257;4830571
AR;ANGHIARI;INVASO DI MONTEDOGLIO;04.10.2023;TEMPERATURA;14.2;1746257;4830571
AR;ANGHIARI;INVASO DI MONTEDOGLIO;26.02.2024;CONDUCIBILITA;246;1746257;4830571
AR;ANGHIARI;INVASO DI MONTEDOGLIO;04.10.2023;CONDUCIBILITA;306;1746257;4830571
SI;SAN CASCIANO DEI BAGNI;INVASO ORCIA-ASTRONE;23.01.2024;TEMPERATURA;8.4;1727692;4768831
SI;SAN CASCIANO DEI BAGNI;INVASO ORCIA-ASTRONE;23.01.2024;TEMPERATURA;8.4;1727692;4768831
SI;SAN CASCIANO DEI BAGNI;INVASO ORCIA-ASTRONE;27.11.2023;TEMPERATURA;9.8;1727692;4768831
SI;SAN CASCIANO DEI BAGNI;INVASO ORCIA-ASTRONE;26.09.2023;TEMPERATURA;20;1727692;4768831
SI;SAN CASCIANO DEI BAGNI;INVASO ORCIA-ASTRONE;23.01.2024;CONDUCIBILITA;1029;1727692;4768831
SI;SAN CASCIANO DEI BAGNI;INVASO ORCIA-ASTRONE;23.01.2024;CONDUCIBILITA;1029;1727692;4768831
SI;SAN CASCIANO DEI BAGNI;INVASO ORCIA-ASTRONE;27.11.2023;CONDUCIBILITA;956;1727692;4768831
SI;SAN CASCIANO DEI BAGNI;INVASO ORCIA-ASTRONE;26.09.2023;CONDUCIBILITA;722;1727692;4768831
SI;SAN CASCIANO DEI BAGNI;INVASO ORCIA-ASTRONE;23.01.2024;SOLIDI;10;1727692;4768831
FI;BARBERINO TAVARNELLE;LAGO BARBERINO DIGA MIGLIORINI;13.11.2023;TEMPERATURA;14.2;1676336;4824077
FI;BARBERINO TAVARNELLE;LAGO BARBERINO DIGA MIGLIORINI;13.11.2023;CONDUCIBILITA;667;1676336;4824077
FI;BARBERINO TAVARNELLE;LAGO CHIOSTRINI;09.01.2024;TEMPERATURA;8.2;1676919;4826140
FI;BARBERINO TAVARNELLE;LAGO CHIOSTRINI;13.11.2023;TEMPERATURA;14;1676919;4826140
FI;BARBERINO TAVARNELLE;LAGO CHIOSTRINI;09.01.2024;CONDUCIBILITA;380;1676919;4826140
FI;BARBERINO TAVARNELLE;LAGO CHIOSTRINI;13.11.2023;CONDUCIBILITA;400;1676919;4826140
SI;RAPOLANO TERME;LAGO DEL CALCIONE - INTERNO INVASO;23.01.2024;TEMPERATURA;8.5;1717196;4796549
SI;RAPOLANO TERME;LAGO DEL CALCIONE - INTERNO INVASO;29.11.2023;TEMPERATURA;11;1717196;4796549
SI;RAPOLANO TERME;LAGO DEL CALCIONE - INTERNO INVASO;23.01.2024;CONDUCIBILITA;192;1717196;4796549
SI;RAPOLANO TERME;LAGO DEL CALCIONE - INTERNO INVASO;29.11.2023;CONDUCIBILITA;188;1717196;4796549
AR;CAVRIGLIA;LAGO DI SAN CIPRIANO;04.12.2023;TEMPERATURA;10.1;1700685;4827939
AR;CAVRIGLIA;LAGO DI SAN CIPRIANO;16.10.2023;TEMPERATURA;16.8;1700685;4827939
AR;CAVRIGLIA;LAGO DI SAN CIPRIANO;04.12.2023;CONDUCIBILITA;356;1700685;4827939
AR;CAVRIGLIA;LAGO DI SAN CIPRIANO;16.10.2023;CONDUCIBILITA;481;1700685;4827939
AR;CAVRIGLIA;LAGO DI SAN CIPRIANO;04.12.2023;SOLIDI;10;1700685;4827939
AR;CAVRIGLIA;LAGO DI SAN CIPRIANO;16.10.2023;SOLIDI;35;1700685;4827939
FI;SAN CASCIANO IN VAL DI PESA;LAGO FABBRICA 1;09.01.2024;TEMPERATURA;11;1680041;4828106
FI;SAN CASCIANO IN VAL DI PESA;LAGO FABBRICA 1;13.11.2023;TEMPERATURA;13.5;1680041;4828106
FI;SAN CASCIANO IN VAL DI PESA;LAGO FABBRICA 1;09.01.2024;CONDUCIBILITA;482;1680041;4828106
FI;SAN CASCIANO IN VAL DI PESA;LAGO FABBRICA 1;13.11.2023;CONDUCIBILITA;447;1680041;4828106
FI;SESTO FIORENTINO;LAGO ISOLA;04.03.2024;TEMPERATURA;11.3;1678317;4858122
FI;SESTO FIORENTINO;LAGO ISOLA;04.03.2024;CONDUCIBILITA;531;1678317;4858122
FI;BARBERINO DI MUGELLO;LAGO MIGNETO;16.01.2024;TEMPERATURA;8.3;1677500;4881500
FI;BARBERINO DI MUGELLO;LAGO MIGNETO;16.01.2024;TEMPERATURA;8.3;1677500;4881500
FI;BARBERINO DI MUGELLO;LAGO MIGNETO;16.10.2023;TEMPERATURA;18.5;1677500;4881500
FI;BARBERINO DI MUGELLO;LAGO MIGNETO;16.01.2024;CONDUCIBILITA;547;1677500;4881500
FI;BARBERINO DI MUGELLO;LAGO MIGNETO;16.01.2024;CONDUCIBILITA;547;1677500;4881500
FI;BARBERINO DI MUGELLO;LAGO MIGNETO;16.10.2023;CONDUCIBILITA;498;1677500;4881500
AR;CAVRIGLIA;LAGO ORMA DEL DIAVOLO CAMMENATA;13.03.2024;TEMPERATURA;9.9;1700851;4820231
AR;CAVRIGLIA;LAGO ORMA DEL DIAVOLO CAMMENATA;22.01.2024;TEMPERATURA;6.1;1700851;4820231
AR;CAVRIGLIA;LAGO ORMA DEL DIAVOLO CAMMENATA;13.03.2024;CONDUCIBILITA;126;1700851;4820231
AR;CAVRIGLIA;LAGO ORMA DEL DIAVOLO CAMMENATA;22.01.2024;CONDUCIBILITA;208;1700851;4820231
PI;SANTA LUCE;LAGO S. LUCE - INTERNO INVASO;08.02.2024;TEMPERATURA;12.1;1622586;4811251
PI;SANTA LUCE;LAGO S. LUCE - INTERNO INVASO;21.11.2023;TEMPERATURA;14.9;1622586;4811251
PI;SANTA LUCE;LAGO S. LUCE - INTERNO INVASO;21.11.2023;CONDUCIBILITA;672;1622586;4811251
FI;MARRADI;LAMONE - PRESA ACQUEDOTTO CAMPIGNO;04.12.2023;TEMPERATURA;9.9;1707790;4878931
FI;MARRADI;LAMONE - PRESA ACQUEDOTTO CAMPIGNO;04.12.2023;CONDUCIBILITA;448;1707790;4878931
AR;CAVRIGLIA;LE SCAGLIE;13.03.2024;TEMPERATURA;9.5;1699396;4820091
AR;CAVRIGLIA;LE SCAGLIE;04.12.2023;TEMPERATURA;6.1;1699396;4820091
AR;CAVRIGLIA;LE SCAGLIE;10.10.2023;TEMPERATURA;18.1;1699396;4820091
AR;CAVRIGLIA;LE SCAGLIE;10.10.2023;TEMPERATURA;18;1699396;4820091
AR;CAVRIGLIA;LE SCAGLIE;13.03.2024;CONDUCIBILITA;226;1699396;4820091
AR;CAVRIGLIA;LE SCAGLIE;04.12.2023;CONDUCIBILITA;296;1699396;4820091
AR;CAVRIGLIA;LE SCAGLIE;10.10.2023;CONDUCIBILITA;418;1699396;4820091
AR;CAVRIGLIA;LE SCAGLIE;10.10.2023;CONDUCIBILITA;412;1699396;4820091
AR;CAVRIGLIA;LE SCAGLIE;04.12.2023;SOLIDI;10;1699396;4820091
AR;CAVRIGLIA;LE SCAGLIE;10.10.2023;SOLIDI;10;1699396;4820091
LU;BORGO A MOZZANO;LIMA - PONTE CATENE;04.03.2024;TEMPERATURA;9.4;1625288;4873730
LU;BORGO A MOZZANO;LIMA - PONTE CATENE;04.03.2024;TEMPERATURA;9.4;1625288;4873730
LU;BORGO A MOZZANO;LIMA - PONTE CATENE;31.01.2024;TEMPERATURA;7.1;1625288;4873730
LU;BORGO A MOZZANO;LIMA - PONTE CATENE;31.01.2024;TEMPERATURA;7.1;1625288;4873730
LU;BORGO A MOZZANO;LIMA - PONTE CATENE;05.12.2023;TEMPERATURA;8.8;1625288;4873730
LU;BORGO A MOZZANO;LIMA - PONTE CATENE;04.03.2024;CONDUCIBILITA;179;1625288;4873730
LU;BORGO A MOZZANO;LIMA - PONTE CATENE;04.03.2024;CONDUCIBILITA;179;1625288;4873730
LU;BORGO A MOZZANO;LIMA - PONTE CATENE;31.01.2024;CONDUCIBILITA;243;1625288;4873730
LU;BORGO A MOZZANO;LIMA - PONTE CATENE;31.01.2024;CONDUCIBILITA;243;1625288;4873730
LU;BORGO A MOZZANO;LIMA - PONTE CATENE;05.12.2023;CONDUCIBILITA;197;1625288;4873730
PT;PISTOIA;LIMENTRA DI SAMBUCA - PRESA ACQUEDOTTO OSPEDALETTO;05.03.2024;TEMPERATURA;7.9;1655550;4877375
PT;PISTOIA;LIMENTRA DI SAMBUCA - PRESA ACQUEDOTTO OSPEDALETTO;15.01.2024;TEMPERATURA;6.6;1655550;4877375
PT;PISTOIA;LIMENTRA DI SAMBUCA - PRESA ACQUEDOTTO OSPEDALETTO;15.01.2024;TEMPERATURA;6.6;1655550;4877375
PT;PISTOIA;LIMENTRA DI SAMBUCA - PRESA ACQUEDOTTO OSPEDALETTO;15.11.2023;TEMPERATURA;11.5;1655550;4877375
PT;PISTOIA;LIMENTRA DI SAMBUCA - PRESA ACQUEDOTTO OSPEDALETTO;05.03.2024;CONDUCIBILITA;117;1655550;4877375
PT;PISTOIA;LIMENTRA DI SAMBUCA - PRESA ACQUEDOTTO OSPEDALETTO;15.11.2023;CONDUCIBILITA;134;1655550;4877375
PT;PISTOIA;LIMENTRA DI SAMBUCA - PRESA ACQUEDOTTO OSPEDALETTO;15.01.2024;SOLIDI;10;1655550;4877375
AR;BADIA TEDALDA;MARECCHIA - MOLIN DI BASCIO;11.12.2023;TEMPERATURA;3.9;1757348;4850692
AR;BADIA TEDALDA;MARECCHIA - MOLIN DI BASCIO;15.11.2023;TEMPERATURA;11.6;1757348;4850692
AR;BADIA TEDALDA;MARECCHIA - MOLIN DI BASCIO;15.11.2023;TEMPERATURA;15.2;1757348;4850692
AR;BADIA TEDALDA;MARECCHIA - MOLIN DI BASCIO;26.09.2023;TEMPERATURA;18.1;1757348;4850692
AR;BADIA TEDALDA;MARECCHIA - MOLIN DI BASCIO;11.12.2023;CONDUCIBILITA;196;1757348;4850692
AR;BADIA TEDALDA;MARECCHIA - MOLIN DI BASCIO;15.11.2023;CONDUCIBILITA;361;1757348;4850692
AR;BADIA TEDALDA;MARECCHIA - MOLIN DI BASCIO;15.11.2023;CONDUCIBILITA;449;1757348;4850692
AR;BADIA TEDALDA;MARECCHIA - MOLIN DI BASCIO;26.09.2023;CONDUCIBILITA;401;1757348;4850692
AR;BADIA TEDALDA;MARECCHIA - MOLIN DI BASCIO;15.11.2023;SOLIDI;10;1757348;4850692
AR;BADIA TEDALDA;MARECCHIA - MOLIN DI BASCIO;26.09.2023;SOLIDI;10;1757348;4850692
LU;MASSAROSA;MASSACIUCCOLI - CENTRO LAGO;30.01.2024;TEMPERATURA;9.3;1607018;4854251
LU;MASSAROSA;MASSACIUCCOLI - CENTRO LAGO;30.01.2024;TEMPERATURA;8.9;1607018;4854251
LU;MASSAROSA;MASSACIUCCOLI - CENTRO LAGO;30.01.2024;TEMPERATURA;9.1;1607018;4854251
LU;MASSAROSA;MASSACIUCCOLI - CENTRO LAGO;30.01.2024;TEMPERATURA;9.6;1607018;4854251
LU;MASSAROSA;MASSACIUCCOLI - CENTRO LAGO;05.10.2023;TEMPERATURA;23.1;1607018;4854251
LU;MASSAROSA;MASSACIUCCOLI - CENTRO LAGO;05.10.2023;TEMPERATURA;23.5;1607018;4854251
LU;MASSAROSA;MASSACIUCCOLI - CENTRO LAGO;05.10.2023;TEMPERATURA;23.6;1607018;4854251
LU;MASSAROSA;MASSACIUCCOLI - CENTRO LAGO;05.10.2023;TEMPERATURA;23.1;1607018;4854251
LU;MASSAROSA;MASSACIUCCOLI - CENTRO LAGO;05.10.2023;TEMPERATURA;23.6;1607018;4854251
LU;MASSAROSA;MASSACIUCCOLI - CENTRO LAGO;30.01.2024;CONDUCIBILITA;4780;1607018;4854251
LU;MASSAROSA;MASSACIUCCOLI - CENTRO LAGO;30.01.2024;CONDUCIBILITA;4740;1607018;4854251
LU;MASSAROSA;MASSACIUCCOLI - CENTRO LAGO;30.01.2024;CONDUCIBILITA;4760;1607018;4854251
LU;MASSAROSA;MASSACIUCCOLI - CENTRO LAGO;30.01.2024;CONDUCIBILITA;4730;1607018;4854251
LU;MASSAROSA;MASSACIUCCOLI - CENTRO LAGO;05.10.2023;CONDUCIBILITA;6150;1607018;4854251
LU;MASSAROSA;MASSACIUCCOLI - CENTRO LAGO;05.10.2023;CONDUCIBILITA;6110;1607018;4854251
LU;MASSAROSA;MASSACIUCCOLI - CENTRO LAGO;05.10.2023;CONDUCIBILITA;6100;1607018;4854251
LU;MASSAROSA;MASSACIUCCOLI - CENTRO LAGO;05.10.2023;CONDUCIBILITA;6150;1607018;4854251
LU;MASSAROSA;MASSACIUCCOLI - CENTRO LAGO;05.10.2023;CONDUCIBILITA;6150;1607018;4854251
LU;MASSAROSA;MASSACIUCCOLI - CENTRO LAGO;05.10.2023;SOLIDI;27;1607018;4854251
PI;MONTEVERDI MARITTIMO;MASSERA - PONTE PER SASSETTA;29.01.2024;TEMPERATURA;6.9;1639765;4776184
PI;MONTEVERDI MARITTIMO;MASSERA - PONTE PER SASSETTA;11.10.2023;TEMPERATURA;16.8;1639765;4776184
PI;MONTEVERDI MARITTIMO;MASSERA - PONTE PER SASSETTA;29.01.2024;CONDUCIBILITA;625;1639765;4776184
PI;MONTEVERDI MARITTIMO;MASSERA - PONTE PER SASSETTA;28.11.2023;CONDUCIBILITA;406;1639765;4776184
PI;MONTEVERDI MARITTIMO;MASSERA - PONTE PER SASSETTA;11.10.2023;CONDUCIBILITA;673;1639765;4776184
GR;CAMPAGNATICO;MELACCIOLE - SP 17 VOLTINA PER CINIGIANO;27.09.2023;TEMPERATURA;24;1690018;4744959
GR;CAMPAGNATICO;MELACCIOLE - SP 17 VOLTINA PER CINIGIANO;27.09.2023;CONDUCIBILITA;800;1690018;4744959
SI;MONTICIANO;MERSE - PONTE STRADA IL SANTO;04.12.2023;TEMPERATURA;9.9;1689401;4774243
SI;MONTICIANO;MERSE - PONTE STRADA IL SANTO;04.12.2023;CONDUCIBILITA;2025;1689401;4774243
SI;MONTICIANO;MERSE - PONTE STRADA IL SANTO;04.12.2023;SOLIDI;20;1689401;4774243
PO;MONTEMURLO;MONTACHELLO BAGNOLO;18.09.2023;TEMPERATURA;20.1;1666610;4867069
PO;MONTEMURLO;MONTACHELLO BAGNOLO;18.09.2023;CONDUCIBILITA;410;1666610;4867069
SI;MONTEPULCIANO;MONTEPULCIANO - INTERNO INVASO;27.11.2023;TEMPERATURA;9.6;1738466;4775200
SI;MONTEPULCIANO;MONTEPULCIANO - INTERNO INVASO;22.11.2023;TEMPERATURA;12.5;1738466;4775200
SI;MONTEPULCIANO;MONTEPULCIANO - INTERNO INVASO;25.10.2023;TEMPERATURA;19.6;1738466;4775200
SI;MONTEPULCIANO;MONTEPULCIANO - INTERNO INVASO;20.09.2023;TEMPERATURA;23;1738466;4775200
SI;MONTEPULCIANO;MONTEPULCIANO - INTERNO INVASO;27.11.2023;CONDUCIBILITA;709;1738466;4775200
SI;MONTEPULCIANO;MONTEPULCIANO - INTERNO INVASO;22.11.2023;CONDUCIBILITA;659;1738466;4775200
SI;MONTEPULCIANO;MONTEPULCIANO - INTERNO INVASO;25.10.2023;CONDUCIBILITA;642;1738466;4775200
SI;MONTEPULCIANO;MONTEPULCIANO - INTERNO INVASO;20.09.2023;CONDUCIBILITA;499;1738466;4775200
FI;FIRENZE;MUGNONE - CONFLUENZA ARNO LOC. INDIANO;14.11.2023;TEMPERATURA;16;1676757;4850976
FI;FIRENZE;MUGNONE - CONFLUENZA ARNO LOC. INDIANO;14.11.2023;CONDUCIBILITA;734;1676757;4850976
FI;FIRENZE;MUGNONE - CONFLUENZA ARNO LOC. INDIANO;14.11.2023;SOLIDI;10;1676757;4850976
PT;MARLIANA;NIEVOLE - FORRABUIA PRESA MONTECATINI;05.02.2024;TEMPERATURA;10.2;1643868;4867484
PT;MARLIANA;NIEVOLE - FORRABUIA PRESA MONTECATINI;14.11.2023;TEMPERATURA;13.3;1643868;4867484
PT;MARLIANA;NIEVOLE - FORRABUIA PRESA MONTECATINI;05.02.2024;CONDUCIBILITA;217;1643868;4867484
PT;MARLIANA;NIEVOLE - FORRABUIA PRESA MONTECATINI;14.11.2023;CONDUCIBILITA;150;1643868;4867484
PT;MONSUMMANO TERME;NIEVOLE - PONTE DEL PORTO;22.01.2024;TEMPERATURA;6.2;1644443;4856297
PT;MONSUMMANO TERME;NIEVOLE - PONTE DEL PORTO;22.11.2023;TEMPERATURA;11.6;1644443;4856297
PT;MONSUMMANO TERME;NIEVOLE - PONTE DEL PORTO;22.01.2024;CONDUCIBILITA;269;1644443;4856297
PT;MONSUMMANO TERME;NIEVOLE - PONTE DEL PORTO;22.11.2023;CONDUCIBILITA;346;1644443;4856297
PT;MONSUMMANO TERME;NIEVOLE - PONTE DEL PORTO;22.01.2024;SOLIDI;10;1644443;4856297
PT;MONSUMMANO TERME;NIEVOLE - PONTE DEL PORTO;22.11.2023;SOLIDI;10;1644443;4856297
PT;QUARRATA;OMBRONE - PONTE DELLA CASERANA;31.01.2024;TEMPERATURA;9;1662251;4858643
PT;QUARRATA;OMBRONE - PONTE DELLA CASERANA;22.11.2023;TEMPERATURA;11.7;1662251;4858643
PT;QUARRATA;OMBRONE - PONTE DELLA CASERANA;03.10.2023;TEMPERATURA;20.1;1662251;4858643
PT;QUARRATA;OMBRONE - PONTE DELLA CASERANA;31.01.2024;CONDUCIBILITA;341;1662251;4858643
PT;QUARRATA;OMBRONE - PONTE DELLA CASERANA;22.11.2023;CONDUCIBILITA;385;1662251;4858643
PT;QUARRATA;OMBRONE - PONTE DELLA CASERANA;03.10.2023;CONDUCIBILITA;823;1662251;4858643
PT;QUARRATA;OMBRONE - PONTE DELLA CASERANA;31.01.2024;SOLIDI;10;1662251;4858643
GR;GROSSETO;OMBRONE - PONTE D'ISTIA;18.12.2023;TEMPERATURA;6.8;1679033;4738650
GR;GROSSETO;OMBRONE - PONTE D'ISTIA;18.12.2023;CONDUCIBILITA;937;1679033;4738650
PT;PISTOIA;OMBRONE PISTOIESE - PROMBIALLA PRESA ACQUEDOTTO;05.03.2024;TEMPERATURA;10.5;1652687;4875630
PT;PISTOIA;OMBRONE PISTOIESE - PROMBIALLA PRESA ACQUEDOTTO;15.01.2024;TEMPERATURA;8.9;1652687;4875630
PT;PISTOIA;OMBRONE PISTOIESE - PROMBIALLA PRESA ACQUEDOTTO;15.01.2024;TEMPERATURA;8.9;1652687;4875630
PT;PISTOIA;OMBRONE PISTOIESE - PROMBIALLA PRESA ACQUEDOTTO;22.11.2023;TEMPERATURA;9.9;1652687;4875630
PT;PISTOIA;OMBRONE PISTOIESE - PROMBIALLA PRESA ACQUEDOTTO;22.11.2023;TEMPERATURA;9.9;1652687;4875630
PT;PISTOIA;OMBRONE PISTOIESE - PROMBIALLA PRESA ACQUEDOTTO;10.10.2023;TEMPERATURA;15.8;1652687;4875630
PT;PISTOIA;OMBRONE PISTOIESE - PROMBIALLA PRESA ACQUEDOTTO;05.03.2024;CONDUCIBILITA;228;1652687;4875630
PT;PISTOIA;OMBRONE PISTOIESE - PROMBIALLA PRESA ACQUEDOTTO;22.11.2023;CONDUCIBILITA;265;1652687;4875630
PT;PISTOIA;OMBRONE PISTOIESE - PROMBIALLA PRESA ACQUEDOTTO;22.11.2023;CONDUCIBILITA;265;1652687;4875630
PT;PISTOIA;OMBRONE PISTOIESE - PROMBIALLA PRESA ACQUEDOTTO;10.10.2023;CONDUCIBILITA;276;1652687;4875630
PT;PISTOIA;OMBRONE PISTOIESE - PROMBIALLA PRESA ACQUEDOTTO;15.01.2024;SOLIDI;10;1652687;4875630
SI;SAN QUIRICO D'ORCIA;ORCIA - LOC. BAGNOVIGNONI;31.01.2024;TEMPERATURA;4;1714039;4767383
SI;SAN QUIRICO D'ORCIA;ORCIA - LOC. BAGNOVIGNONI;12.12.2023;TEMPERATURA;4;1714039;4767383
SI;SAN QUIRICO D'ORCIA;ORCIA - LOC. BAGNOVIGNONI;31.01.2024;CONDUCIBILITA;954;1714039;4767383
SI;SAN QUIRICO D'ORCIA;ORCIA - LOC. BAGNOVIGNONI;31.01.2024;SOLIDI;10;1714039;4767383
SI;MONTALCINO;ORCIA - LOC. PODERE CASACCIA;24.01.2024;TEMPERATURA;8.1;1693698;4760151
SI;MONTALCINO;ORCIA - LOC. PODERE CASACCIA;24.01.2024;CONDUCIBILITA;706;1693698;4760151
SI;MONTALCINO;ORCIA - LOC. PODERE CASACCIA;24.01.2024;SOLIDI;10;1693698;4760151
GR;ORBETELLO;OSA - SS. STATALE 323 A VALLE PONTE;18.10.2023;TEMPERATURA;19;1683333;4715259
GR;ORBETELLO;OSA - SS. STATALE 323 A VALLE PONTE;02.10.2023;TEMPERATURA;19.7;1683333;4715259
GR;ORBETELLO;OSA - SS. STATALE 323 A VALLE PONTE;18.10.2023;CONDUCIBILITA;808;1683333;4715259
GR;ORBETELLO;OSA - SS. STATALE 323 A VALLE PONTE;02.10.2023;CONDUCIBILITA;974;1683333;4715259
GR;FOLLONICA;PECORA - SP.125 VECCHIA AURELIA A VALLE PONTE;23.01.2024;TEMPERATURA;10.7;1646976;4755547
GR;FOLLONICA;PECORA - SP.125 VECCHIA AURELIA A VALLE PONTE;23.01.2024;CONDUCIBILITA;1105;1646976;4755547
FI;BARBERINO TAVARNELLE;PESA - PRESA SAMBUCA;09.01.2024;TEMPERATURA;9;1679719;4825925
FI;BARBERINO TAVARNELLE;PESA - PRESA SAMBUCA;13.11.2023;TEMPERATURA;13.3;1679719;4825925
FI;BARBERINO TAVARNELLE;PESA - PRESA SAMBUCA;09.01.2024;CONDUCIBILITA;543;1679719;4825925
FI;BARBERINO TAVARNELLE;PESA - PRESA SAMBUCA;13.11.2023;CONDUCIBILITA;566;1679719;4825925
LU;VILLA BASILICA;PESCIA DI COLLODI - PONTE A VILLA;25.01.2024;TEMPERATURA;8.5;1632420;4863723
LU;VILLA BASILICA;PESCIA DI COLLODI - PONTE A VILLA;25.01.2024;CONDUCIBILITA;143;1632420;4863723
PT;PONTE BUGGIANESE;PESCIA DI COLLODI - PONTE SETTEPASSI;22.01.2024;TEMPERATURA;6;1641379;4851913
PT;PONTE BUGGIANESE;PESCIA DI COLLODI - PONTE SETTEPASSI;22.11.2023;TEMPERATURA;12.7;1641379;4851913
PT;PONTE BUGGIANESE;PESCIA DI COLLODI - PONTE SETTEPASSI;11.10.2023;TEMPERATURA;20.8;1641379;4851913
PT;PONTE BUGGIANESE;PESCIA DI COLLODI - PONTE SETTEPASSI;22.01.2024;CONDUCIBILITA;204;1641379;4851913
PT;PONTE BUGGIANESE;PESCIA DI COLLODI - PONTE SETTEPASSI;22.11.2023;CONDUCIBILITA;274;1641379;4851913
PT;PONTE BUGGIANESE;PESCIA DI COLLODI - PONTE SETTEPASSI;11.10.2023;CONDUCIBILITA;1108;1641379;4851913
PT;PONTE BUGGIANESE;PESCIA DI COLLODI - PONTE SETTEPASSI;22.11.2023;SOLIDI;10;1641379;4851913
PT;PONTE BUGGIANESE;PESCIA DI COLLODI - PONTE SETTEPASSI;11.10.2023;SOLIDI;20;1641379;4851913
PT;PONTE BUGGIANESE;PESCIA DI PESCIA -  PONTE ALLA GUARDIA;22.01.2024;TEMPERATURA;5.1;1641860;4855059
PT;PONTE BUGGIANESE;PESCIA DI PESCIA -  PONTE ALLA GUARDIA;22.01.2024;CONDUCIBILITA;182;1641860;4855059
PT;PISTOIA;RENO - PRESA ACQUEDOTTO LOC. PRACCHIA;24.01.2024;TEMPERATURA;5.6;1652566;4879557
PT;PISTOIA;RENO - PRESA ACQUEDOTTO LOC. PRACCHIA;27.11.2023;TEMPERATURA;5.9;1652566;4879557
PT;PISTOIA;RENO - PRESA ACQUEDOTTO LOC. PRACCHIA;27.11.2023;TEMPERATURA;5.9;1652566;4879557
PT;PISTOIA;RENO - PRESA ACQUEDOTTO LOC. PRACCHIA;23.10.2023;TEMPERATURA;11.5;1652566;4879557
PT;PISTOIA;RENO - PRESA ACQUEDOTTO LOC. PRACCHIA;03.10.2023;TEMPERATURA;13.3;1652566;4879557
PT;PISTOIA;RENO - PRESA ACQUEDOTTO LOC. PRACCHIA;24.01.2024;CONDUCIBILITA;176;1652566;4879557
PT;PISTOIA;RENO - PRESA ACQUEDOTTO LOC. PRACCHIA;27.11.2023;CONDUCIBILITA;192;1652566;4879557
PT;PISTOIA;RENO - PRESA ACQUEDOTTO LOC. PRACCHIA;27.11.2023;CONDUCIBILITA;192;1652566;4879557
PT;PISTOIA;RENO - PRESA ACQUEDOTTO LOC. PRACCHIA;23.10.2023;CONDUCIBILITA;273;1652566;4879557
PT;PISTOIA;RENO - PRESA ACQUEDOTTO LOC. PRACCHIA;03.10.2023;CONDUCIBILITA;259;1652566;4879557
PT;PISTOIA;RENO - PRESA ACQUEDOTTO LOC. PRACCHIA;27.11.2023;SOLIDI;10;1652566;4879557
PT;PISTOIA;RENO - PRESA ACQUEDOTTO LOC. PRACCHIA;23.10.2023;SOLIDI;10;1652566;4879557
FI;REGGELLO;RESCO CASCESE;04.12.2023;TEMPERATURA;5.9;1705667;4839875
FI;REGGELLO;RESCO CASCESE;04.12.2023;TEMPERATURA;5.3;1705667;4839875
FI;REGGELLO;RESCO CASCESE;23.10.2023;TEMPERATURA;14.8;1705667;4839875
FI;REGGELLO;RESCO CASCESE;04.12.2023;CONDUCIBILITA;137;1705667;4839875
FI;REGGELLO;RESCO CASCESE;04.12.2023;CONDUCIBILITA;107;1705667;4839875
FI;REGGELLO;RESCO CASCESE;23.10.2023;CONDUCIBILITA;215;1705667;4839875
FI;REGGELLO;RESCO CASCESE;04.12.2023;SOLIDI;10;1705667;4839875
FI;REGGELLO;RESCO CASCESE;23.10.2023;SOLIDI;10;1705667;4839875
PI;BIENTINA;RIO PONTICELLI;28.11.2023;TEMPERATURA;8.8;1634060.06;4845237.35
PI;BIENTINA;RIO PONTICELLI;26.10.2023;TEMPERATURA;17.2;1634060.06;4845237.35
PI;BIENTINA;RIO PONTICELLI;28.11.2023;CONDUCIBILITA;350;1634060.06;4845237.35
PI;BIENTINA;RIO PONTICELLI;26.10.2023;CONDUCIBILITA;204;1634060.06;4845237.35
FI;GAMBASSI TERME;RIOPETROSO_BORGOFORTE;12.02.2024;TEMPERATURA;11.1;1657290;4824947
FI;GAMBASSI TERME;RIOPETROSO_BORGOFORTE;22.01.2024;TEMPERATURA;7.8;1657290;4824947
FI;GAMBASSI TERME;RIOPETROSO_BORGOFORTE;04.12.2023;TEMPERATURA;8;1657290;4824947
FI;GAMBASSI TERME;RIOPETROSO_BORGOFORTE;07.11.2023;TEMPERATURA;14.6;1657290;4824947
FI;GAMBASSI TERME;RIOPETROSO_BORGOFORTE;12.02.2024;CONDUCIBILITA;848;1657290;4824947
FI;GAMBASSI TERME;RIOPETROSO_BORGOFORTE;22.01.2024;CONDUCIBILITA;995;1657290;4824947
FI;GAMBASSI TERME;RIOPETROSO_BORGOFORTE;04.12.2023;CONDUCIBILITA;950;1657290;4824947
FI;GAMBASSI TERME;RIOPETROSO_BORGOFORTE;07.11.2023;CONDUCIBILITA;965;1657290;4824947
FI;GAMBASSI TERME;RIOPETROSO_BORGOFORTE;04.12.2023;SOLIDI;10;1657290;4824947
FI;GAMBASSI TERME;RIOPETROSO_BORGOFORTE;07.11.2023;SOLIDI;15;1657290;4824947
PI;VOLTERRA;S. MARTA - SALINE;29.01.2024;TEMPERATURA;13.2;1647483;4802136
PI;VOLTERRA;S. MARTA - SALINE;06.12.2023;TEMPERATURA;8;1647483;4802136
PI;VOLTERRA;S. MARTA - SALINE;29.11.2023;TEMPERATURA;16;1647483;4802136
PI;VOLTERRA;S. MARTA - SALINE;11.10.2023;TEMPERATURA;24.5;1647483;4802136
PI;VOLTERRA;S. MARTA - SALINE;29.01.2024;CONDUCIBILITA;4940;1647483;4802136
PI;VOLTERRA;S. MARTA - SALINE;29.11.2023;CONDUCIBILITA;10360;1647483;4802136
PI;VOLTERRA;S. MARTA - SALINE;11.10.2023;CONDUCIBILITA;10750;1647483;4802136
FI;PALAZZUOLO SUL SENIO;SENIO - PRESA ACQUEDOTTO - LOC. PALAZZUOLO;04.12.2023;TEMPERATURA;7.9;1702339;4886441
FI;PALAZZUOLO SUL SENIO;SENIO - PRESA ACQUEDOTTO - LOC. PALAZZUOLO;18.10.2023;TEMPERATURA;12.4;1702339;4886441
FI;PALAZZUOLO SUL SENIO;SENIO - PRESA ACQUEDOTTO - LOC. PALAZZUOLO;04.12.2023;CONDUCIBILITA;450;1702339;4886441
FI;PALAZZUOLO SUL SENIO;SENIO - PRESA ACQUEDOTTO - LOC. PALAZZUOLO;18.10.2023;CONDUCIBILITA;483;1702339;4886441
FI;PALAZZUOLO SUL SENIO;SENIO - PRESA ACQUEDOTTO - LOC. PALAZZUOLO;04.12.2023;SOLIDI;10;1702339;4886441
FI;PALAZZUOLO SUL SENIO;SENIO - PRESA ACQUEDOTTO - LOC. PALAZZUOLO;18.10.2023;SOLIDI;10;1702339;4886441
LU;COREGLIA ANTELMINELLI;SERCHIO - GHIVIZZANO;04.03.2024;TEMPERATURA;10.5;1621314;4875203
LU;COREGLIA ANTELMINELLI;SERCHIO - GHIVIZZANO;04.03.2024;TEMPERATURA;10.5;1621314;4875203
LU;COREGLIA ANTELMINELLI;SERCHIO - GHIVIZZANO;31.01.2024;TEMPERATURA;7.4;1621314;4875203
LU;COREGLIA ANTELMINELLI;SERCHIO - GHIVIZZANO;31.01.2024;TEMPERATURA;7.4;1621314;4875203
LU;COREGLIA ANTELMINELLI;SERCHIO - GHIVIZZANO;04.03.2024;CONDUCIBILITA;287;1621314;4875203
LU;COREGLIA ANTELMINELLI;SERCHIO - GHIVIZZANO;04.03.2024;CONDUCIBILITA;287;1621314;4875203
LU;COREGLIA ANTELMINELLI;SERCHIO - GHIVIZZANO;31.01.2024;CONDUCIBILITA;496;1621314;4875203
LU;COREGLIA ANTELMINELLI;SERCHIO - GHIVIZZANO;31.01.2024;CONDUCIBILITA;496;1621314;4875203
LU;CAMPORGIANO;SERCHIO - PONTE PETROGNANO - CAMPORGIANO;22.01.2024;TEMPERATURA;4.4;1605058;4890831
LU;CAMPORGIANO;SERCHIO - PONTE PETROGNANO - CAMPORGIANO;22.01.2024;TEMPERATURA;4.4;1605058;4890831
LU;SERAVEZZA;SERRA - PARCO DEI BIMBI;23.01.2024;TEMPERATURA;10.4;1597717;4873337
LU;SERAVEZZA;SERRA - PARCO DEI BIMBI;29.11.2023;TEMPERATURA;8.2;1597717;4873337
LU;SERAVEZZA;SERRA - PARCO DEI BIMBI;29.11.2023;TEMPERATURA;8.2;1597717;4873337
LU;SERAVEZZA;SERRA - PARCO DEI BIMBI;27.09.2023;TEMPERATURA;18;1597717;4873337
LU;SERAVEZZA;SERRA - PARCO DEI BIMBI;23.01.2024;CONDUCIBILITA;162;1597717;4873337
LU;SERAVEZZA;SERRA - PARCO DEI BIMBI;29.11.2023;CONDUCIBILITA;209;1597717;4873337
LU;SERAVEZZA;SERRA - PARCO DEI BIMBI;29.11.2023;CONDUCIBILITA;209;1597717;4873337
LU;SERAVEZZA;SERRA - PARCO DEI BIMBI;27.09.2023;CONDUCIBILITA;278;1597717;4873337
FI;PELAGO;SIEVE - PRESA ACQUEDOTTO SAN FRANCESCO;05.02.2024;TEMPERATURA;10.7;1696955;4850494
FI;PELAGO;SIEVE - PRESA ACQUEDOTTO SAN FRANCESCO;05.02.2024;CONDUCIBILITA;592;1696955;4850494
AR;MONTERCHI;SOVARA - PONTE SS 73 CONFINE REGIONE;27.11.2023;TEMPERATURA;3.6;1749232;4821534
AR;MONTERCHI;SOVARA - PONTE SS 73 CONFINE REGIONE;27.11.2023;CONDUCIBILITA;318;1749232;4821534
AR;MONTERCHI;SOVARA - PONTE SS 73 CONFINE REGIONE;27.11.2023;SOLIDI;10;1749232;4821534
PT;QUARRATA;STELLA PONTE CATENA;06.02.2024;TEMPERATURA;13.7;1662143;4856367
PT;QUARRATA;STELLA PONTE CATENA;29.11.2023;TEMPERATURA;10.3;1662143;4856367
PT;QUARRATA;STELLA PONTE CATENA;03.10.2023;TEMPERATURA;20.4;1662143;4856367
PT;QUARRATA;STELLA PONTE CATENA;06.02.2024;CONDUCIBILITA;437;1662143;4856367
PT;QUARRATA;STELLA PONTE CATENA;29.11.2023;CONDUCIBILITA;434;1662143;4856367
PT;QUARRATA;STELLA PONTE CATENA;03.10.2023;CONDUCIBILITA;459;1662143;4856367
PT;QUARRATA;STELLA PONTE CATENA;06.02.2024;SOLIDI;24;1662143;4856367
PT;QUARRATA;STELLA PONTE CATENA;29.11.2023;SOLIDI;10;1662143;4856367
PT;QUARRATA;STELLA PONTE CATENA;03.10.2023;SOLIDI;104;1662143;4856367
PI;MONTEVERDI MARITTIMO;STERZA - PONTE LOC. GABELLA;12.12.2023;TEMPERATURA;13.5;1638427;4792444
PI;MONTEVERDI MARITTIMO;STERZA - PONTE LOC. GABELLA;21.11.2023;TEMPERATURA;13.7;1638427;4792444
PI;MONTEVERDI MARITTIMO;STERZA - PONTE LOC. GABELLA;21.11.2023;CONDUCIBILITA;729;1638427;4792444
MS;AULLA;TAVERONE- AULLA A MONTE SS CISA;04.12.2023;TEMPERATURA;7.5;1577413;4897221
MS;AULLA;TAVERONE- AULLA A MONTE SS CISA;23.11.2023;TEMPERATURA;10;1577413;4897221
MS;AULLA;TAVERONE- AULLA A MONTE SS CISA;22.11.2023;TEMPERATURA;17;1577413;4897221
MS;AULLA;TAVERONE- AULLA A MONTE SS CISA;22.11.2023;TEMPERATURA;17;1577413;4897221
MS;AULLA;TAVERONE- AULLA A MONTE SS CISA;04.12.2023;CONDUCIBILITA;341;1577413;4897221
MS;AULLA;TAVERONE- AULLA A MONTE SS CISA;23.11.2023;CONDUCIBILITA;176;1577413;4897221
MS;AULLA;TAVERONE- AULLA A MONTE SS CISA;22.11.2023;CONDUCIBILITA;198;1577413;4897221
MS;AULLA;TAVERONE- AULLA A MONTE SS CISA;22.11.2023;CONDUCIBILITA;198;1577413;4897221
PT;LARCIANO;TERZO - CASOTTO DE  MORI;22.01.2024;TEMPERATURA;5.7;1646042;4850440
PT;LARCIANO;TERZO - CASOTTO DE  MORI;22.11.2023;TEMPERATURA;12.7;1646042;4850440
PT;LARCIANO;TERZO - CASOTTO DE  MORI;11.10.2023;TEMPERATURA;22.1;1646042;4850440
PT;LARCIANO;TERZO - CASOTTO DE  MORI;22.01.2024;CONDUCIBILITA;636;1646042;4850440
PT;LARCIANO;TERZO - CASOTTO DE  MORI;22.11.2023;CONDUCIBILITA;628;1646042;4850440
PT;LARCIANO;TERZO - CASOTTO DE  MORI;11.10.2023;CONDUCIBILITA;2990;1646042;4850440
PT;LARCIANO;TERZO - CASOTTO DE  MORI;22.01.2024;SOLIDI;10;1646042;4850440
PT;LARCIANO;TERZO - CASOTTO DE  MORI;22.11.2023;SOLIDI;13;1646042;4850440
PT;LARCIANO;TERZO - CASOTTO DE  MORI;11.10.2023;SOLIDI;29;1646042;4850440
PT;MONSUMMANO TERME;TERZO - RISERVA RIGHETTI;22.01.2024;TEMPERATURA;6.9;1644544;4854790
PT;MONSUMMANO TERME;TERZO - RISERVA RIGHETTI;22.11.2023;TEMPERATURA;12.6;1644544;4854790
PT;MONSUMMANO TERME;TERZO - RISERVA RIGHETTI;11.10.2023;TEMPERATURA;25.1;1644544;4854790
PT;MONSUMMANO TERME;TERZO - RISERVA RIGHETTI;22.01.2024;CONDUCIBILITA;849;1644544;4854790
PT;MONSUMMANO TERME;TERZO - RISERVA RIGHETTI;22.11.2023;CONDUCIBILITA;928;1644544;4854790
PT;MONSUMMANO TERME;TERZO - RISERVA RIGHETTI;11.10.2023;CONDUCIBILITA;2410;1644544;4854790
PT;MONSUMMANO TERME;TERZO - RISERVA RIGHETTI;22.01.2024;SOLIDI;11;1644544;4854790
PT;MONSUMMANO TERME;TERZO - RISERVA RIGHETTI;22.11.2023;SOLIDI;14;1644544;4854790
PT;MONSUMMANO TERME;TERZO - RISERVA RIGHETTI;11.10.2023;SOLIDI;19;1644544;4854790
AR;PIEVE SANTO STEFANO;TEVERE - MOLIN DEL BECCO;07.02.2024;TEMPERATURA;9.5;1744014;4848298
AR;PIEVE SANTO STEFANO;TEVERE - MOLIN DEL BECCO;29.11.2023;TEMPERATURA;3.7;1744014;4848298
AR;PIEVE SANTO STEFANO;TEVERE - MOLIN DEL BECCO;20.09.2023;TEMPERATURA;16;1744014;4848298
AR;PIEVE SANTO STEFANO;TEVERE - MOLIN DEL BECCO;07.02.2024;CONDUCIBILITA;296;1744014;4848298
AR;PIEVE SANTO STEFANO;TEVERE - MOLIN DEL BECCO;29.11.2023;CONDUCIBILITA;308;1744014;4848298
AR;PIEVE SANTO STEFANO;TEVERE - MOLIN DEL BECCO;20.09.2023;CONDUCIBILITA;431;1744014;4848298
AR;PIEVE SANTO STEFANO;TEVERE - MOLIN DEL BECCO;29.11.2023;SOLIDI;10;1744014;4848298
AR;PIEVE SANTO STEFANO;TEVERE - MOLIN DEL BECCO;20.09.2023;SOLIDI;10;1744014;4848298
AR;PIEVE SANTO STEFANO;TEVERE - PONTE DI FORMOLE;29.11.2023;TEMPERATURA;5.1;1746308;4837383
AR;PIEVE SANTO STEFANO;TEVERE - PONTE DI FORMOLE;09.10.2023;TEMPERATURA;17.5;1746308;4837383
AR;PIEVE SANTO STEFANO;TEVERE - PONTE DI FORMOLE;20.09.2023;TEMPERATURA;18;1746308;4837383
AR;PIEVE SANTO STEFANO;TEVERE - PONTE DI FORMOLE;29.11.2023;CONDUCIBILITA;308;1746308;4837383
AR;PIEVE SANTO STEFANO;TEVERE - PONTE DI FORMOLE;09.10.2023;CONDUCIBILITA;411;1746308;4837383
AR;PIEVE SANTO STEFANO;TEVERE - PONTE DI FORMOLE;20.09.2023;CONDUCIBILITA;416;1746308;4837383
AR;PIEVE SANTO STEFANO;TEVERE - PONTE DI FORMOLE;29.11.2023;SOLIDI;10;1746308;4837383
AR;PIEVE SANTO STEFANO;TEVERE - PONTE DI FORMOLE;20.09.2023;SOLIDI;10;1746308;4837383
AR;SANSEPOLCRO;TEVERE - PONTE DI PISTRINO;27.11.2023;TEMPERATURA;4.7;1755184;4824032
AR;SANSEPOLCRO;TEVERE - PONTE DI PISTRINO;09.10.2023;TEMPERATURA;14;1755184;4824032
AR;SANSEPOLCRO;TEVERE - PONTE DI PISTRINO;28.09.2023;TEMPERATURA;14.2;1755184;4824032
AR;SANSEPOLCRO;TEVERE - PONTE DI PISTRINO;27.11.2023;CONDUCIBILITA;296;1755184;4824032
AR;SANSEPOLCRO;TEVERE - PONTE DI PISTRINO;09.10.2023;CONDUCIBILITA;415;1755184;4824032
AR;SANSEPOLCRO;TEVERE - PONTE DI PISTRINO;28.09.2023;CONDUCIBILITA;402;1755184;4824032
AR;SANSEPOLCRO;TEVERE - PONTE DI PISTRINO;27.11.2023;SOLIDI;10;1755184;4824032
LI;COLLESALVETTI;TORA - PONTE MEDICEO;24.11.2023;TEMPERATURA;11.8;1618525;4827250
LI;COLLESALVETTI;TORA - PONTE MEDICEO;31.10.2023;TEMPERATURA;17.1;1618525;4827250
LI;COLLESALVETTI;TORA - PONTE MEDICEO;29.09.2023;TEMPERATURA;20.4;1618525;4827250
LI;COLLESALVETTI;TORA - PONTE MEDICEO;24.11.2023;CONDUCIBILITA;901;1618525;4827250
LI;COLLESALVETTI;TORA - PONTE MEDICEO;31.10.2023;CONDUCIBILITA;530;1618525;4827250
LI;COLLESALVETTI;TORA - PONTE MEDICEO;29.09.2023;CONDUCIBILITA;1114;1618525;4827250
FI;REGGELLO;TORRENTE  CHIESIMONE;04.12.2023;TEMPERATURA;7.3;1698852;4835734
FI;REGGELLO;TORRENTE  CHIESIMONE;04.12.2023;CONDUCIBILITA;358;1698852;4835734
AR;CASTEL FOCOGNANO;TORRENTE  SALUTIO;06.02.2024;TEMPERATURA;7.4;1728322;4834230
AR;CASTEL FOCOGNANO;TORRENTE  SALUTIO;06.02.2024;CONDUCIBILITA;168;1728322;4834230
PI;POMARANCE;TORRENTE  TROSSA;29.01.2024;TEMPERATURA;11.9;1641656;4798412
PI;POMARANCE;TORRENTE  TROSSA;19.12.2023;TEMPERATURA;11.5;1641656;4798412
PI;POMARANCE;TORRENTE  TROSSA;21.11.2023;TEMPERATURA;14.8;1641656;4798412
PI;POMARANCE;TORRENTE  TROSSA;29.01.2024;CONDUCIBILITA;904;1641656;4798412
PI;POMARANCE;TORRENTE  TROSSA;21.11.2023;CONDUCIBILITA;1029;1641656;4798412
LU;PIAZZA AL SERCHIO;TORRENTE ACQUA BIANCA - VALLE;22.01.2024;TEMPERATURA;4.3;1604382;4892542
LU;PIAZZA AL SERCHIO;TORRENTE ACQUA BIANCA - VALLE;28.11.2023;TEMPERATURA;8.2;1604382;4892542
LU;PIAZZA AL SERCHIO;TORRENTE ACQUA BIANCA - VALLE;03.10.2023;TEMPERATURA;17.2;1604382;4892542
LU;PIAZZA AL SERCHIO;TORRENTE ACQUA BIANCA - VALLE;28.11.2023;CONDUCIBILITA;315;1604382;4892542
LU;PIAZZA AL SERCHIO;TORRENTE ACQUA BIANCA - VALLE;03.10.2023;CONDUCIBILITA;347;1604382;4892542
PT;MONTALE;TORRENTE AGNA DELLE CONCHE;29.01.2024;TEMPERATURA;7.2;1662859;4870331
PT;MONTALE;TORRENTE AGNA DELLE CONCHE;20.11.2023;TEMPERATURA;12;1662859;4870331
PT;MONTALE;TORRENTE AGNA DELLE CONCHE;29.01.2024;CONDUCIBILITA;164;1662859;4870331
PT;MONTALE;TORRENTE AGNA DELLE CONCHE;20.11.2023;CONDUCIBILITA;169;1662859;4870331
AR;BIBBIENA;TORRENTE ARCHIANO;06.02.2024;TEMPERATURA;8.7;1727753;4848534
AR;BIBBIENA;TORRENTE ARCHIANO;06.02.2024;CONDUCIBILITA;186;1727753;4848534
SI;MONTALCINO;TORRENTE ASSO;31.01.2024;TEMPERATURA;4.3;1707897;4770341
SI;MONTALCINO;TORRENTE ASSO;31.01.2024;CONDUCIBILITA;1302;1707897;4770341
SI;MONTALCINO;TORRENTE ASSO;31.01.2024;SOLIDI;10;1707897;4770341
MS;BAGNONE;TORRENTE BAGNONE;20.11.2023;TEMPERATURA;9.5;1583657;4911829
MS;BAGNONE;TORRENTE BAGNONE;23.10.2023;TEMPERATURA;11;1583657;4911829
MS;BAGNONE;TORRENTE BAGNONE;20.11.2023;CONDUCIBILITA;68;1583657;4911829
MS;BAGNONE;TORRENTE BAGNONE;23.10.2023;CONDUCIBILITA;129;1583657;4911829
MS;BAGNONE;TORRENTE BAGNONE;20.11.2023;SOLIDI;2;1583657;4911829
MS;BAGNONE;TORRENTE BAGNONE;23.10.2023;SOLIDI;2;1583657;4911829
PT;MASSA E COZZILE;TORRENTE BORRA;05.02.2024;TEMPERATURA;10.8;1641222;4863674
PT;MASSA E COZZILE;TORRENTE BORRA;14.11.2023;TEMPERATURA;13.5;1641222;4863674
PT;MASSA E COZZILE;TORRENTE BORRA;05.02.2024;CONDUCIBILITA;208;1641222;4863674
PT;MASSA E COZZILE;TORRENTE BORRA;14.11.2023;CONDUCIBILITA;172;1641222;4863674
FI;VICCHIO;TORRENTE BOTENA;05.03.2024;TEMPERATURA;10.1;1700498;4868730
FI;VICCHIO;TORRENTE BOTENA;16.01.2024;TEMPERATURA;9.9;1700498;4868730
FI;VICCHIO;TORRENTE BOTENA;15.11.2023;TEMPERATURA;15.9;1700498;4868730
FI;VICCHIO;TORRENTE BOTENA;05.03.2024;CONDUCIBILITA;508;1700498;4868730
FI;VICCHIO;TORRENTE BOTENA;16.01.2024;CONDUCIBILITA;471;1700498;4868730
FI;VICCHIO;TORRENTE BOTENA;15.11.2023;CONDUCIBILITA;586;1700498;4868730
FI;VICCHIO;TORRENTE BOTENA;15.11.2023;SOLIDI;10;1700498;4868730
PT;PISTOIA;TORRENTE BRANA;30.01.2024;TEMPERATURA;9.2;1658939;4863673
PT;PISTOIA;TORRENTE BRANA;29.11.2023;TEMPERATURA;10.1;1658939;4863673
PT;PISTOIA;TORRENTE BRANA;03.10.2023;TEMPERATURA;21.9;1658939;4863673
PT;PISTOIA;TORRENTE BRANA;30.01.2024;CONDUCIBILITA;427;1658939;4863673
PT;PISTOIA;TORRENTE BRANA;29.11.2023;CONDUCIBILITA;441;1658939;4863673
PT;PISTOIA;TORRENTE BRANA;03.10.2023;CONDUCIBILITA;722;1658939;4863673
PT;PISTOIA;TORRENTE BRANA;29.11.2023;SOLIDI;10;1658939;4863673
PT;PISTOIA;TORRENTE BRANA;03.10.2023;SOLIDI;10;1658939;4863673
PT;PISTOIA;TORRENTE BURE DI BAGGIO;29.01.2024;TEMPERATURA;8;1656963;4871868
PT;PISTOIA;TORRENTE BURE DI BAGGIO;20.11.2023;TEMPERATURA;12.5;1656963;4871868
PT;PISTOIA;TORRENTE BURE DI BAGGIO;29.01.2024;CONDUCIBILITA;155;1656963;4871868
PT;PISTOIA;TORRENTE BURE DI BAGGIO;20.11.2023;CONDUCIBILITA;154;1656963;4871868
MS;CARRARA;TORRENTE CARRIONE _MONTE;05.12.2023;TEMPERATURA;12;1589626;4881649
MS;CARRARA;TORRENTE CARRIONE _MONTE;21.11.2023;TEMPERATURA;13;1589626;4881649
MS;CARRARA;TORRENTE CARRIONE _MONTE;28.09.2023;TEMPERATURA;15;1589626;4881649
MS;CARRARA;TORRENTE CARRIONE _MONTE;05.12.2023;CONDUCIBILITA;308;1589626;4881649
MS;CARRARA;TORRENTE CARRIONE _MONTE;21.11.2023;CONDUCIBILITA;300;1589626;4881649
PT;MASSA E COZZILE;TORRENTE CESSANA;22.11.2023;TEMPERATURA;12.8;1641222;4857785
PT;MASSA E COZZILE;TORRENTE CESSANA;11.10.2023;TEMPERATURA;22;1641222;4857785
PT;MASSA E COZZILE;TORRENTE CESSANA;22.11.2023;CONDUCIBILITA;505;1641222;4857785
PT;MASSA E COZZILE;TORRENTE CESSANA;11.10.2023;CONDUCIBILITA;1003;1641222;4857785
PT;MASSA E COZZILE;TORRENTE CESSANA;22.11.2023;SOLIDI;10;1641222;4857785
PT;MASSA E COZZILE;TORRENTE CESSANA;11.10.2023;SOLIDI;10;1641222;4857785
LI;ROSIGNANO MARITTIMO;TORRENTE CHIOMA;20.12.2023;TEMPERATURA;8.1;1611698;4811656
LI;ROSIGNANO MARITTIMO;TORRENTE CHIOMA;23.11.2023;TEMPERATURA;13.8;1611698;4811656
LI;ROSIGNANO MARITTIMO;TORRENTE CHIOMA;26.10.2023;TEMPERATURA;17;1611698;4811656
LI;ROSIGNANO MARITTIMO;TORRENTE CHIOMA;28.09.2023;TEMPERATURA;21.9;1611698;4811656
LI;ROSIGNANO MARITTIMO;TORRENTE CHIOMA;20.12.2023;CONDUCIBILITA;702;1611698;4811656
LI;ROSIGNANO MARITTIMO;TORRENTE CHIOMA;23.11.2023;CONDUCIBILITA;557;1611698;4811656
LI;ROSIGNANO MARITTIMO;TORRENTE CHIOMA;26.10.2023;CONDUCIBILITA;840;1611698;4811656
LI;ROSIGNANO MARITTIMO;TORRENTE CHIOMA;28.09.2023;CONDUCIBILITA;895;1611698;4811656
AR;TERRANUOVA BRACCIOLINI;TORRENTE CIUFFENNA;23.01.2024;TEMPERATURA;6;1708372;4824722
AR;TERRANUOVA BRACCIOLINI;TORRENTE CIUFFENNA;23.01.2024;CONDUCIBILITA;129;1708372;4824722
AR;PIEVE SANTO STEFANO;TORRENTE COLLEDESTRO;29.11.2023;TEMPERATURA;4.1;1745325;4840410
AR;PIEVE SANTO STEFANO;TORRENTE COLLEDESTRO;20.09.2023;TEMPERATURA;17.3;1745325;4840410
AR;PIEVE SANTO STEFANO;TORRENTE COLLEDESTRO;29.11.2023;CONDUCIBILITA;186;1745325;4840410
AR;PIEVE SANTO STEFANO;TORRENTE COLLEDESTRO;20.09.2023;CONDUCIBILITA;401;1745325;4840410
AR;PIEVE SANTO STEFANO;TORRENTE COLLEDESTRO;29.11.2023;SOLIDI;10;1745325;4840410
AR;PIEVE SANTO STEFANO;TORRENTE COLLEDESTRO;20.09.2023;SOLIDI;10;1745325;4840410
LU;CASTIGLIONE DI GARFAGNANA;TORRENTE CORFINO;22.01.2024;TEMPERATURA;6.3;1610812;4891451
LU;CASTIGLIONE DI GARFAGNANA;TORRENTE CORFINO;22.01.2024;TEMPERATURA;6.3;1610812;4891451
LU;BARGA;TORRENTE CORSONNA;04.03.2024;TEMPERATURA;10.4;1619561;4882439
LU;BARGA;TORRENTE CORSONNA;31.01.2024;TEMPERATURA;7.2;1619561;4882439
LU;BARGA;TORRENTE CORSONNA;05.12.2023;TEMPERATURA;9;1619561;4882439
LU;BARGA;TORRENTE CORSONNA;04.03.2024;CONDUCIBILITA;150;1619561;4882439
LU;BARGA;TORRENTE CORSONNA;31.01.2024;CONDUCIBILITA;187;1619561;4882439
LU;BARGA;TORRENTE CORSONNA;05.12.2023;CONDUCIBILITA;166;1619561;4882439
PI;CRESPINA LORENZANA;TORRENTE CRESPINA - LOC. CENAIA;16.01.2024;TEMPERATURA;9.1;1624452;4829384
PI;CRESPINA LORENZANA;TORRENTE CRESPINA - LOC. CENAIA;16.01.2024;CONDUCIBILITA;869;1624452;4829384
FI;VAGLIA;TORRENTE DEL CARLONE;22.01.2024;TEMPERATURA;7.6;1682572;4866968
FI;VAGLIA;TORRENTE DEL CARLONE;26.10.2023;TEMPERATURA;17.5;1682572;4866968
FI;VAGLIA;TORRENTE DEL CARLONE;22.01.2024;CONDUCIBILITA;487;1682572;4866968
FI;VAGLIA;TORRENTE DEL CARLONE;26.10.2023;CONDUCIBILITA;510;1682572;4866968
FI;FIGLINE E INCISA VALDARNO;TORRENTE DEL CESTO MOLIN LUNGO BORRO PRATOLUNGO;04.12.2023;TEMPERATURA;7.1;1693253;4829994
FI;FIGLINE E INCISA VALDARNO;TORRENTE DEL CESTO MOLIN LUNGO BORRO PRATOLUNGO;23.10.2023;TEMPERATURA;15;1693253;4829994
FI;FIGLINE E INCISA VALDARNO;TORRENTE DEL CESTO MOLIN LUNGO BORRO PRATOLUNGO;04.12.2023;CONDUCIBILITA;546;1693253;4829994
FI;FIGLINE E INCISA VALDARNO;TORRENTE DEL CESTO MOLIN LUNGO BORRO PRATOLUNGO;23.10.2023;CONDUCIBILITA;632;1693253;4829994
FI;FIGLINE E INCISA VALDARNO;TORRENTE DEL CESTO MOLIN LUNGO BORRO PRATOLUNGO;04.12.2023;SOLIDI;10;1693253;4829994
FI;FIGLINE E INCISA VALDARNO;TORRENTE DEL CESTO MOLIN LUNGO BORRO PRATOLUNGO;23.10.2023;SOLIDI;10;1693253;4829994
FI;FIRENZUOLA;TORRENTE DIATERNA VALLE FIRENZUOLA;05.02.2024;TEMPERATURA;9.8;1694488;4891549
FI;FIRENZUOLA;TORRENTE DIATERNA VALLE FIRENZUOLA;05.02.2024;CONDUCIBILITA;485;1694488;4891549
FI;FIRENZUOLA;TORRENTE DIATERNA VALLE FIRENZUOLA;05.02.2024;SOLIDI;10;1694488;4891549
LU;CAMPORGIANO;TORRENTE EDRON - VECCHIA CARTIERA;22.01.2024;TEMPERATURA;6.8;1607685;4888839
LU;CAMPORGIANO;TORRENTE EDRON - VECCHIA CARTIERA;22.01.2024;TEMPERATURA;6.8;1607685;4888839
FI;MONTAIONE;TORRENTE EGOLA MONTE;07.11.2023;TEMPERATURA;13.3;1654237;4822037
FI;MONTAIONE;TORRENTE EGOLA MONTE;07.11.2023;CONDUCIBILITA;551;1654237;4822037
FI;MONTAIONE;TORRENTE EGOLA MONTE;05.02.2024;SOLIDI;10;1654237;4822037
GR;CASTEL DEL PIANO;TORRENTE ENTE CASTEL DEL PIANO;31.01.2024;TEMPERATURA;6.7;1706069;4759760
GR;CASTEL DEL PIANO;TORRENTE ENTE CASTEL DEL PIANO;31.01.2024;CONDUCIBILITA;386;1706069;4759760
AR;CASTIGLION FIORENTINO;TORRENTE ESSE LOC. PONTI DI BROLIO;30.01.2024;TEMPERATURA;3.9;1729846;4791059
AR;CASTIGLION FIORENTINO;TORRENTE ESSE LOC. PONTI DI BROLIO;21.11.2023;TEMPERATURA;11.4;1729846;4791059
AR;CASTIGLION FIORENTINO;TORRENTE ESSE LOC. PONTI DI BROLIO;25.09.2023;TEMPERATURA;17.6;1729846;4791059
AR;CASTIGLION FIORENTINO;TORRENTE ESSE LOC. PONTI DI BROLIO;30.01.2024;CONDUCIBILITA;721;1729846;4791059
AR;CASTIGLION FIORENTINO;TORRENTE ESSE LOC. PONTI DI BROLIO;21.11.2023;CONDUCIBILITA;621;1729846;4791059
AR;CASTIGLION FIORENTINO;TORRENTE ESSE LOC. PONTI DI BROLIO;25.09.2023;CONDUCIBILITA;543;1729846;4791059
AR;CASTIGLION FIORENTINO;TORRENTE ESSE LOC. PONTI DI BROLIO;21.11.2023;SOLIDI;67;1729846;4791059
AR;CASTIGLION FIORENTINO;TORRENTE ESSE LOC. PONTI DI BROLIO;25.09.2023;SOLIDI;98;1729846;4791059
SI;CHIUSDINO;Torrente FECCIA;06.12.2023;TEMPERATURA;8.3;1676428;4781900
SI;CHIUSDINO;Torrente FECCIA;05.10.2023;TEMPERATURA;18.7;1676428;4781900
SI;CHIUSDINO;Torrente FECCIA;06.12.2023;CONDUCIBILITA;1268;1676428;4781900
SI;CHIUSDINO;Torrente FECCIA;05.10.2023;CONDUCIBILITA;747;1676428;4781900
FI;BORGO SAN LORENZO;TORRENTE FISTONA;15.11.2023;TEMPERATURA;17;1692361;4867789
FI;BORGO SAN LORENZO;TORRENTE FISTONA;15.11.2023;CONDUCIBILITA;379;1692361;4867789
FI;BORGO SAN LORENZO;TORRENTE FISTONA;15.11.2023;SOLIDI;10;1692361;4867789
SI;SAN GIMIGNANO;TORRENTE FOCI;30.01.2024;TEMPERATURA;7.4;1668762;4812763
SI;SAN GIMIGNANO;TORRENTE FOCI;30.01.2024;CONDUCIBILITA;981;1668762;4812763
SI;SAN GIMIGNANO;TORRENTE FOCI;30.01.2024;SOLIDI;10;1668762;4812763
GR;CIVITELLA PAGANICO;TORRENTE LANZO;18.01.2024;TEMPERATURA;14.1;1686932;4756483
GR;CIVITELLA PAGANICO;TORRENTE LANZO;18.01.2024;CONDUCIBILITA;564;1686932;4756483
PI;RIPARBELLA;TORRENTE LE BOTRA;12.12.2023;TEMPERATURA;13.7;1628506;4800576
PI;RIPARBELLA;TORRENTE LE BOTRA;29.11.2023;TEMPERATURA;12.1;1628506;4800576
PI;RIPARBELLA;TORRENTE LE BOTRA;29.11.2023;CONDUCIBILITA;922;1628506;4800576
FI;SCARPERIA E SAN PIERO;TORRENTE LEVISONE;29.11.2023;TEMPERATURA;9.4;1687559;4871556
FI;SCARPERIA E SAN PIERO;TORRENTE LEVISONE;26.10.2023;TEMPERATURA;16.7;1687559;4871556
FI;SCARPERIA E SAN PIERO;TORRENTE LEVISONE;29.11.2023;CONDUCIBILITA;526;1687559;4871556
FI;SCARPERIA E SAN PIERO;TORRENTE LEVISONE;26.10.2023;CONDUCIBILITA;647;1687559;4871556
FI;SCARPERIA E SAN PIERO;TORRENTE LEVISONE;29.11.2023;SOLIDI;10;1687559;4871556
FI;SCARPERIA E SAN PIERO;TORRENTE LEVISONE;26.10.2023;SOLIDI;40;1687559;4871556
PT;SAN MARCELLO PITEGLIO;TORRENTE LIMESTRE - A MONTE IMMISSIONE - LIMA;24.01.2024;TEMPERATURA;6.7;1642078;4879092
PT;SAN MARCELLO PITEGLIO;TORRENTE LIMESTRE - A MONTE IMMISSIONE - LIMA;27.11.2023;TEMPERATURA;6.9;1642078;4879092
PT;SAN MARCELLO PITEGLIO;TORRENTE LIMESTRE - A MONTE IMMISSIONE - LIMA;23.10.2023;TEMPERATURA;12.5;1642078;4879092
PT;SAN MARCELLO PITEGLIO;TORRENTE LIMESTRE - A MONTE IMMISSIONE - LIMA;24.01.2024;CONDUCIBILITA;188;1642078;4879092
PT;SAN MARCELLO PITEGLIO;TORRENTE LIMESTRE - A MONTE IMMISSIONE - LIMA;27.11.2023;CONDUCIBILITA;202;1642078;4879092
PT;SAN MARCELLO PITEGLIO;TORRENTE LIMESTRE - A MONTE IMMISSIONE - LIMA;23.10.2023;CONDUCIBILITA;284;1642078;4879092
FI;REGGELLO;TORRENTE MARNIA;12.02.2024;TEMPERATURA;11;1703215;4843521
FI;REGGELLO;TORRENTE MARNIA;11.12.2023;TEMPERATURA;9.2;1703215;4843521
FI;REGGELLO;TORRENTE MARNIA;12.02.2024;CONDUCIBILITA;176;1703215;4843521
FI;REGGELLO;TORRENTE MARNIA;11.12.2023;CONDUCIBILITA;187;1703215;4843521
AR;AREZZO;TORRENTE MASPINO;28.11.2023;TEMPERATURA;10.1;1731284;4818618
AR;AREZZO;TORRENTE MASPINO;27.09.2023;TEMPERATURA;20.1;1731284;4818618
AR;AREZZO;TORRENTE MASPINO;28.11.2023;CONDUCIBILITA;431;1731284;4818618
AR;AREZZO;TORRENTE MASPINO;27.09.2023;CONDUCIBILITA;641;1731284;4818618
AR;AREZZO;TORRENTE MASPINO;28.11.2023;SOLIDI;10;1731284;4818618
AR;AREZZO;TORRENTE MASPINO;27.09.2023;SOLIDI;10;1731284;4818618
FI;VICCHIO;TORRENTE MUCCIONE;05.03.2024;TEMPERATURA;10;1698948;4874460
FI;VICCHIO;TORRENTE MUCCIONE;15.11.2023;TEMPERATURA;14.8;1698948;4874460
FI;VICCHIO;TORRENTE MUCCIONE;05.03.2024;CONDUCIBILITA;415;1698948;4874460
FI;VICCHIO;TORRENTE MUCCIONE;15.11.2023;CONDUCIBILITA;395;1698948;4874460
PO;CARMIGNANO;TORRENTE OMBRONE POGGIO A CAIANO;31.01.2024;TEMPERATURA;9.6;1666168;4849195
PO;CARMIGNANO;TORRENTE OMBRONE POGGIO A CAIANO;22.11.2023;TEMPERATURA;18.3;1666168;4849195
PO;CARMIGNANO;TORRENTE OMBRONE POGGIO A CAIANO;03.10.2023;TEMPERATURA;21.6;1666168;4849195
PO;CARMIGNANO;TORRENTE OMBRONE POGGIO A CAIANO;26.09.2023;TEMPERATURA;22.5;1666168;4849195
PO;CARMIGNANO;TORRENTE OMBRONE POGGIO A CAIANO;31.01.2024;CONDUCIBILITA;886;1666168;4849195
PO;CARMIGNANO;TORRENTE OMBRONE POGGIO A CAIANO;22.11.2023;CONDUCIBILITA;797;1666168;4849195
PO;CARMIGNANO;TORRENTE OMBRONE POGGIO A CAIANO;03.10.2023;CONDUCIBILITA;23;1666168;4849195
PO;CARMIGNANO;TORRENTE OMBRONE POGGIO A CAIANO;26.09.2023;CONDUCIBILITA;1991;1666168;4849195
PO;CARMIGNANO;TORRENTE OMBRONE POGGIO A CAIANO;31.01.2024;SOLIDI;10;1666168;4849195
SI;CASTIGLIONE D'ORCIA;TORRENTE ONZOLA;14.11.2023;TEMPERATURA;14.5;1714361;4766930
SI;CASTIGLIONE D'ORCIA;TORRENTE ONZOLA;14.11.2023;CONDUCIBILITA;935;1714361;4766930
SI;CASTIGLIONE D'ORCIA;TORRENTE ONZOLA;14.11.2023;SOLIDI;10;1714361;4766930
FI;EMPOLI;TORRENTE ORME;16.01.2024;TEMPERATURA;10.6;1657836;4840372
FI;EMPOLI;TORRENTE ORME;04.12.2023;TEMPERATURA;6.5;1657836;4840372
FI;EMPOLI;TORRENTE ORME;13.11.2023;TEMPERATURA;12.9;1657836;4840372
FI;EMPOLI;TORRENTE ORME;16.01.2024;CONDUCIBILITA;1245;1657836;4840372
FI;EMPOLI;TORRENTE ORME;04.12.2023;CONDUCIBILITA;956;1657836;4840372
FI;EMPOLI;TORRENTE ORME;13.11.2023;CONDUCIBILITA;984;1657836;4840372
FI;EMPOLI;TORRENTE ORME;04.12.2023;SOLIDI;52;1657836;4840372
FI;EMPOLI;TORRENTE ORME;13.11.2023;SOLIDI;17;1657836;4840372
GR;ORBETELLO;TORRENTE PATRIGNONE;12.10.2023;TEMPERATURA;16.8;1689579;4718226
GR;ORBETELLO;TORRENTE PATRIGNONE;26.09.2023;TEMPERATURA;19;1689579;4718226
GR;ORBETELLO;TORRENTE PATRIGNONE;12.10.2023;CONDUCIBILITA;735;1689579;4718226
GR;ORBETELLO;TORRENTE PATRIGNONE;26.09.2023;CONDUCIBILITA;720;1689579;4718226
LU;BORGO A MOZZANO;TORRENTE PEDOGNA;04.03.2024;TEMPERATURA;11.9;1620146;4869308
LU;BORGO A MOZZANO;TORRENTE PEDOGNA;31.01.2024;TEMPERATURA;8.9;1620146;4869308
LU;BORGO A MOZZANO;TORRENTE PEDOGNA;05.12.2023;TEMPERATURA;10.8;1620146;4869308
LU;BORGO A MOZZANO;TORRENTE PEDOGNA;04.03.2024;CONDUCIBILITA;250;1620146;4869308
LU;BORGO A MOZZANO;TORRENTE PEDOGNA;31.01.2024;CONDUCIBILITA;274;1620146;4869308
LU;BORGO A MOZZANO;TORRENTE PEDOGNA;05.12.2023;CONDUCIBILITA;280;1620146;4869308
FI;CASTELFIORENTINO;TORRENTE PESCIOLA;23.01.2024;SOLIDI;10;1660243;4828203
SI;GAIOLE IN CHIANTI;TORRENTE PIANA;12.12.2023;TEMPERATURA;12;1695737;4813611
SI;GAIOLE IN CHIANTI;TORRENTE PIANA;12.12.2023;TEMPERATURA;12;1695737;4813611
SI;GAIOLE IN CHIANTI;TORRENTE PIANA;13.11.2023;TEMPERATURA;12.3;1695737;4813611
SI;GAIOLE IN CHIANTI;TORRENTE PIANA;12.11.2023;TEMPERATURA;12.6;1695737;4813611
SI;GAIOLE IN CHIANTI;TORRENTE PIANA;12.12.2023;CONDUCIBILITA;587;1695737;4813611
SI;GAIOLE IN CHIANTI;TORRENTE PIANA;13.11.2023;CONDUCIBILITA;522;1695737;4813611
SI;GAIOLE IN CHIANTI;TORRENTE PIANA;12.11.2023;CONDUCIBILITA;551;1695737;4813611
SI;GAIOLE IN CHIANTI;TORRENTE PIANA;12.12.2023;SOLIDI;10;1695737;4813611
SI;GAIOLE IN CHIANTI;TORRENTE PIANA;12.11.2023;SOLIDI;10;1695737;4813611
LU;BAGNI DI LUCCA;TORRENTE PIZZORNA;31.01.2024;TEMPERATURA;8.7;1625391;4873666
LU;BAGNI DI LUCCA;TORRENTE PIZZORNA;31.01.2024;TEMPERATURA;8.7;1625391;4873666
LU;BAGNI DI LUCCA;TORRENTE PIZZORNA;31.01.2024;CONDUCIBILITA;172;1625391;4873666
LU;BAGNI DI LUCCA;TORRENTE PIZZORNA;31.01.2024;CONDUCIBILITA;172;1625391;4873666
AR;BADIA TEDALDA;TORRENTE PRESALE;14.02.2024;TEMPERATURA;4.9;1757473;4845111
AR;BADIA TEDALDA;TORRENTE PRESALE;14.02.2024;CONDUCIBILITA;269;1757473;4845111
FI;PONTASSIEVE;TORRENTE RISAIO;22.01.2024;TEMPERATURA;5.7;1692927;4858037
FI;PONTASSIEVE;TORRENTE RISAIO;29.11.2023;TEMPERATURA;8.1;1692927;4858037
FI;PONTASSIEVE;TORRENTE RISAIO;22.01.2024;CONDUCIBILITA;373;1692927;4858037
FI;PONTASSIEVE;TORRENTE RISAIO;29.11.2023;CONDUCIBILITA;402;1692927;4858037
FI;FIRENZUOLA;TORRENTE ROVIGO;05.02.2024;TEMPERATURA;9.6;1694995;4885936
FI;FIRENZUOLA;TORRENTE ROVIGO;05.02.2024;CONDUCIBILITA;366;1694995;4885936
FI;FIRENZUOLA;TORRENTE ROVIGO;05.02.2024;SOLIDI;10;1694995;4885936
LI;ROSIGNANO MARITTIMO;TORRENTE SAVALANO;20.12.2023;TEMPERATURA;8;1620054;4810240
LI;ROSIGNANO MARITTIMO;TORRENTE SAVALANO;24.11.2023;TEMPERATURA;10.8;1620054;4810240
LI;ROSIGNANO MARITTIMO;TORRENTE SAVALANO;31.10.2023;TEMPERATURA;18.1;1620054;4810240
LI;ROSIGNANO MARITTIMO;TORRENTE SAVALANO;29.09.2023;TEMPERATURA;19.8;1620054;4810240
LI;ROSIGNANO MARITTIMO;TORRENTE SAVALANO;20.12.2023;CONDUCIBILITA;1221;1620054;4810240
LI;ROSIGNANO MARITTIMO;TORRENTE SAVALANO;24.11.2023;CONDUCIBILITA;964;1620054;4810240
LI;ROSIGNANO MARITTIMO;TORRENTE SAVALANO;31.10.2023;CONDUCIBILITA;526;1620054;4810240
LI;ROSIGNANO MARITTIMO;TORRENTE SAVALANO;29.09.2023;CONDUCIBILITA;1129;1620054;4810240
PI;VOLTERRA;TORRENTE SELLATE MONTE CONFLUENZA FOSCI;21.11.2023;TEMPERATURA;12.6;1655223;4799512
PI;VOLTERRA;TORRENTE SELLATE MONTE CONFLUENZA FOSCI;21.11.2023;CONDUCIBILITA;761;1655223;4799512
PT;ABETONE CUTIGLIANO;TORRENTE SESTAIONE - PRESA ACQUEDOTTO;24.01.2024;TEMPERATURA;4;1633142;4887154
PT;ABETONE CUTIGLIANO;TORRENTE SESTAIONE - PRESA ACQUEDOTTO;27.11.2023;TEMPERATURA;3.9;1633142;4887154
PT;ABETONE CUTIGLIANO;TORRENTE SESTAIONE - PRESA ACQUEDOTTO;24.01.2024;CONDUCIBILITA;59;1633142;4887154
PT;ABETONE CUTIGLIANO;TORRENTE SESTAIONE - PRESA ACQUEDOTTO;27.11.2023;CONDUCIBILITA;71;1633142;4887154
GR;GAVORRANO;TORRENTE SOVATA;12.03.2024;TEMPERATURA;12;1664417.66;4752855.11
GR;GAVORRANO;TORRENTE SOVATA;29.01.2024;TEMPERATURA;7;1664417.66;4752855.11
GR;GAVORRANO;TORRENTE SOVATA;20.12.2023;TEMPERATURA;5;1664417.66;4752855.11
GR;GAVORRANO;TORRENTE SOVATA;07.11.2023;TEMPERATURA;14;1664417.66;4752855.11
GR;GAVORRANO;TORRENTE SOVATA;12.03.2024;CONDUCIBILITA;573;1664417.66;4752855.11
GR;GAVORRANO;TORRENTE SOVATA;29.01.2024;CONDUCIBILITA;785;1664417.66;4752855.11
GR;GAVORRANO;TORRENTE SOVATA;20.12.2023;CONDUCIBILITA;868;1664417.66;4752855.11
GR;GAVORRANO;TORRENTE SOVATA;07.11.2023;CONDUCIBILITA;984;1664417.66;4752855.11
AR;PRATOVECCHIO STIA;TORRENTE STAGGIA;06.02.2024;TEMPERATURA;7;1718724;4854730
AR;PRATOVECCHIO STIA;TORRENTE STAGGIA;06.02.2024;CONDUCIBILITA;156;1718724;4854730
SI;POGGIBONSI;TORRENTE STAGGIA;06.02.2024;SOLIDI;10;1674671;4813912
PI;CHIANNI;TORRENTE STERZA VALLE ERA;31.01.2024;TEMPERATURA;9.6;1636760;4814395
PI;CHIANNI;TORRENTE STERZA VALLE ERA;29.11.2023;TEMPERATURA;9.9;1636760;4814395
PI;CHIANNI;TORRENTE STERZA VALLE ERA;29.11.2023;CONDUCIBILITA;553;1636760;4814395
SI;BUONCONVENTO;TORRENTE STILE;04.12.2023;TEMPERATURA;7;1700114;4778313
SI;BUONCONVENTO;TORRENTE STILE;04.12.2023;CONDUCIBILITA;934;1700114;4778313
SI;BUONCONVENTO;TORRENTE STILE;04.12.2023;SOLIDI;10;1700114;4778313
SI;RADICOFANI;TORRENTE SUCENNA;07.02.2024;SOLIDI;10;1727880;4753960
AR;SANSEPOLCRO;TORRENTE TIGNANA;15.11.2023;TEMPERATURA;11.7;1750184;4832543
AR;SANSEPOLCRO;TORRENTE TIGNANA;26.09.2023;TEMPERATURA;16.4;1750184;4832543
AR;SANSEPOLCRO;TORRENTE TIGNANA;15.11.2023;CONDUCIBILITA;321;1750184;4832543
AR;SANSEPOLCRO;TORRENTE TIGNANA;26.09.2023;CONDUCIBILITA;356;1750184;4832543
AR;SANSEPOLCRO;TORRENTE TIGNANA;15.11.2023;SOLIDI;10;1750184;4832543
AR;SANSEPOLCRO;TORRENTE TIGNANA;26.09.2023;SOLIDI;10;1750184;4832543
AR;LATERINA PERGINE VALDARNO;TORRENTE TROVE;23.01.2024;TEMPERATURA;7.7;1715969;4811100
AR;LATERINA PERGINE VALDARNO;TORRENTE TROVE;23.01.2024;CONDUCIBILITA;336;1715969;4811100
SI;MONTALCINO;TORRENTE TUONA;31.01.2024;TEMPERATURA;5.8;1709694;4771816
SI;MONTALCINO;TORRENTE TUONA;14.11.2023;TEMPERATURA;12.1;1709694;4771816
SI;MONTALCINO;TORRENTE TUONA;26.09.2023;TEMPERATURA;18.7;1709694;4771816
SI;MONTALCINO;TORRENTE TUONA;31.01.2024;CONDUCIBILITA;1051;1709694;4771816
SI;MONTALCINO;TORRENTE TUONA;14.11.2023;CONDUCIBILITA;860;1709694;4771816
SI;MONTALCINO;TORRENTE TUONA;26.09.2023;CONDUCIBILITA;708;1709694;4771816
SI;MONTALCINO;TORRENTE TUONA;31.01.2024;SOLIDI;10;1709694;4771816
LU;GALLICANO;TORRENTE TURRITE DI GALLICANO LOC. CHIESINA;05.12.2023;TEMPERATURA;10.4;1616684;4878686
LU;GALLICANO;TORRENTE TURRITE DI GALLICANO LOC. CHIESINA;05.12.2023;CONDUCIBILITA;404;1616684;4878686
FI;PELAGO;TORRENTE VICANO DI PELAGO;21.11.2023;TEMPERATURA;14.1;1698387;4848468
FI;PELAGO;TORRENTE VICANO DI PELAGO;21.09.2023;TEMPERATURA;23.2;1698387;4848468
FI;PELAGO;TORRENTE VICANO DI PELAGO;21.11.2023;CONDUCIBILITA;551;1698387;4848468
FI;PELAGO;TORRENTE VICANO DI PELAGO;21.09.2023;CONDUCIBILITA;610;1698387;4848468
FI;PELAGO;TORRENTE VICANO DI PELAGO;21.11.2023;SOLIDI;10;1698387;4848468
PT;PISTOIA;TORRENTE VINCIO DI BRANDEGLIO;23.01.2024;TEMPERATURA;9.2;1650377;4870490
PT;PISTOIA;TORRENTE VINCIO DI BRANDEGLIO;23.01.2024;TEMPERATURA;9.2;1650377;4870490
PT;PISTOIA;TORRENTE VINCIO DI BRANDEGLIO;22.11.2023;TEMPERATURA;11.3;1650377;4870490
PT;PISTOIA;TORRENTE VINCIO DI BRANDEGLIO;22.11.2023;TEMPERATURA;11.3;1650377;4870490
PT;PISTOIA;TORRENTE VINCIO DI BRANDEGLIO;23.01.2024;CONDUCIBILITA;266;1650377;4870490
PT;PISTOIA;TORRENTE VINCIO DI BRANDEGLIO;23.01.2024;CONDUCIBILITA;266;1650377;4870490
PT;PISTOIA;TORRENTE VINCIO DI BRANDEGLIO;22.11.2023;CONDUCIBILITA;294;1650377;4870490
PT;PISTOIA;TORRENTE VINCIO DI BRANDEGLIO;22.11.2023;CONDUCIBILITA;294;1650377;4870490
PT;PISTOIA;TORRENTE VINCIO DI BRANDEGLIO;10.10.2023;CONDUCIBILITA;362;1650377;4870490
PT;PISTOIA;TORRENTE VINCIO DI BRANDEGLIO;23.01.2024;SOLIDI;10;1650377;4870490
PT;PISTOIA;TORRENTE VINCIO DI MONTAGNANA;23.01.2024;TEMPERATURA;8.1;1649651;4865526
PT;PISTOIA;TORRENTE VINCIO DI MONTAGNANA;28.11.2023;TEMPERATURA;10.7;1649651;4865526
PT;PISTOIA;TORRENTE VINCIO DI MONTAGNANA;23.01.2024;CONDUCIBILITA;205;1649651;4865526
PT;PISTOIA;TORRENTE VINCIO DI MONTAGNANA;28.11.2023;CONDUCIBILITA;242;1649651;4865526
PI;CALCINAIA;USCIANA - CATERATTE;16.01.2024;TEMPERATURA;8.1;1632928;4837899
PI;CALCINAIA;USCIANA - CATERATTE;28.11.2023;TEMPERATURA;10.2;1632928;4837899
PI;CALCINAIA;USCIANA - CATERATTE;16.01.2024;CONDUCIBILITA;566;1632928;4837899
PI;SANTA MARIA A MONTE;USCIANA - MASSARELLA;22.01.2024;TEMPERATURA;6.1;1645694;4848214
PI;SANTA MARIA A MONTE;USCIANA - MASSARELLA;22.11.2023;TEMPERATURA;12.8;1645694;4848214
PI;SANTA MARIA A MONTE;USCIANA - MASSARELLA;11.10.2023;TEMPERATURA;23.6;1645694;4848214
PI;SANTA MARIA A MONTE;USCIANA - MASSARELLA;22.01.2024;CONDUCIBILITA;369;1645694;4848214
PI;SANTA MARIA A MONTE;USCIANA - MASSARELLA;22.11.2023;CONDUCIBILITA;376;1645694;4848214
PI;SANTA MARIA A MONTE;USCIANA - MASSARELLA;11.10.2023;CONDUCIBILITA;2087;1645694;4848214
PI;SANTA MARIA A MONTE;USCIANA - MASSARELLA;22.01.2024;SOLIDI;10;1645694;4848214
PI;SANTA MARIA A MONTE;USCIANA - MASSARELLA;22.11.2023;SOLIDI;18;1645694;4848214
PI;SANTA MARIA A MONTE;USCIANA - MASSARELLA;11.10.2023;SOLIDI;106;1645694;4848214
LU;PIETRASANTA;VERSILIA - PONTE ALLA SIPE;23.01.2024;TEMPERATURA;15.2;1594375;4870429
LU;PIETRASANTA;VERSILIA - PONTE ALLA SIPE;23.01.2024;TEMPERATURA;15.2;1594375;4870429
LU;PIETRASANTA;VERSILIA - PONTE ALLA SIPE;23.01.2024;CONDUCIBILITA;599;1594375;4870429
LU;PIETRASANTA;VERSILIA - PONTE ALLA SIPE;23.01.2024;CONDUCIBILITA;599;1594375;4870429
LU;PIETRASANTA;VERSILIA - PONTE ALLA SIPE;23.01.2024;SOLIDI;20;1594375;4870429
LU;PIETRASANTA;VERSILIA - PONTE ALLA SIPE;23.01.2024;SOLIDI;20;1594375;4870429
LU;SERAVEZZA;VEZZA - DISCESA ALVEO CAVA;23.01.2024;TEMPERATURA;9.8;1600405;4872143
LU;SERAVEZZA;VEZZA - DISCESA ALVEO CAVA;23.01.2024;TEMPERATURA;9.8;1600405;4872143
LU;SERAVEZZA;VEZZA - DISCESA ALVEO CAVA;29.11.2023;TEMPERATURA;7.7;1600405;4872143
LU;SERAVEZZA;VEZZA - DISCESA ALVEO CAVA;27.09.2023;TEMPERATURA;16.6;1600405;4872143
LU;SERAVEZZA;VEZZA - DISCESA ALVEO CAVA;23.01.2024;CONDUCIBILITA;230;1600405;4872143
LU;SERAVEZZA;VEZZA - DISCESA ALVEO CAVA;23.01.2024;CONDUCIBILITA;230;1600405;4872143
LU;SERAVEZZA;VEZZA - DISCESA ALVEO CAVA;29.11.2023;CONDUCIBILITA;263;1600405;4872143
LU;SERAVEZZA;VEZZA - DISCESA ALVEO CAVA;27.09.2023;CONDUCIBILITA;296;1600405;4872143
LU;SERAVEZZA;VEZZA - DISCESA ALVEO CAVA;23.01.2024;SOLIDI;10;1600405;4872143
LU;SERAVEZZA;VEZZA - DISCESA ALVEO CAVA;23.01.2024;SOLIDI;10;1600405;4872143
